circuit_name,shots,optimization_level,noise_rate,num_qubits,depth,count_1q,count_2q,runtime,tvd,top_state,success_probability,n_qubits_config,depth_config
Bell,128,0,0.0,2,3,1,1,0.012693405151367188,0.109375,00,,2,
Bell,128,0,0.001,2,3,1,1,0.013795614242553711,0.015625,11,,2,
Bell,128,0,0.05,2,3,1,1,0.01033473014831543,0.03124999999999989,00,,2,
Bell,128,0,0.01,2,3,1,1,0.013920068740844727,0.015625,00,,2,
Bell,128,1,0.001,2,3,1,1,0.002319812774658203,0.078125,11,,2,
Bell,128,1,0.01,2,3,1,1,0.0025866031646728516,0.0703125,11,,2,
Bell,128,1,0.0,2,3,1,1,0.0009508132934570312,0.0390625,00,,2,
Bell,128,1,0.05,2,3,1,1,0.002478361129760742,0.046875,11,,2,
Bell,128,2,0.001,2,3,1,1,0.0018413066864013672,0.046875,00,,2,
Bell,128,2,0.0,2,3,1,1,0.001123189926147461,0.015625,11,,2,
Bell,128,2,0.01,2,3,1,1,0.002015829086303711,0.015625,11,,2,
Bell,128,2,0.05,2,3,1,1,0.002056121826171875,0.06249999999999989,00,,2,
Bell,128,3,0.01,2,3,1,1,0.0018072128295898438,0.0546875,11,,2,
Bell,128,3,0.0,2,3,1,1,0.0020024776458740234,0.0078125,11,,2,
Bell,128,3,0.001,2,3,1,1,0.002386331558227539,0.015625,11,,2,
Bell,128,3,0.05,2,3,1,1,0.0029315948486328125,0.046875,00,,2,
Bell,512,0,0.0,2,3,1,1,0.0030012130737304688,0.025390625,11,,2,
Bell,512,0,0.001,2,3,1,1,0.0034637451171875,0.0390625,11,,2,
Bell,512,0,0.01,2,3,1,1,0.0030031204223632812,0.015624999999999889,11,,2,
Bell,512,0,0.05,2,3,1,1,0.0022797584533691406,0.06054687499999989,00,,2,
Bell,512,1,0.0,2,3,1,1,0.002198934555053711,0.021484375,00,,2,
Bell,512,1,0.001,2,3,1,1,0.0030858516693115234,0.015625,11,,2,
Bell,512,1,0.01,2,3,1,1,0.002516031265258789,0.015624999999999889,11,,2,
Bell,512,1,0.05,2,3,1,1,0.003385782241821289,0.05273437499999989,11,,2,
Bell,512,2,0.0,2,3,1,1,0.001744985580444336,0.046875,00,,2,
Bell,512,2,0.001,2,3,1,1,0.0022881031036376953,0.005859375,00,,2,
Bell,512,2,0.01,2,3,1,1,0.0032286643981933594,0.01757812499999989,00,,2,
Bell,512,2,0.05,2,3,1,1,0.0024285316467285156,0.0546875,11,,2,
Bell,512,3,0.0,2,3,1,1,0.0025801658630371094,0.01953125,11,,2,
Bell,512,3,0.001,2,3,1,1,0.003793478012084961,0.01953125,11,,2,
Bell,512,3,0.01,2,3,1,1,0.002627134323120117,0.01171875,00,,2,
Bell,512,3,0.05,2,3,1,1,0.002794981002807617,0.05078124999999989,00,,2,
Bell,1024,0,0.0,2,3,1,1,0.003437042236328125,0.0107421875,11,,2,
Bell,1024,0,0.001,2,3,1,1,0.0037429332733154297,0.0185546875,11,,2,
Bell,1024,0,0.01,2,3,1,1,0.00420832633972168,0.009765624999999889,00,,2,
Bell,1024,1,0.0,2,3,1,1,0.002581357955932617,0.005859375,11,,2,
Bell,1024,0,0.05,2,3,1,1,0.004084587097167969,0.04980468749999989,11,,2,
Bell,1024,1,0.001,2,3,1,1,0.0037331581115722656,0.0068359375,00,,2,
Bell,1024,1,0.01,2,3,1,1,0.005638837814331055,0.009765625,11,,2,
Bell,1024,1,0.05,2,3,1,1,0.005038022994995117,0.04003906249999989,11,,2,
Bell,1024,2,0.0,2,3,1,1,0.005389690399169922,0.01171875,00,,2,
Bell,1024,2,0.001,2,3,1,1,0.004153728485107422,0.0185546875,11,,2,
Bell,1024,2,0.01,2,3,1,1,0.0038635730743408203,0.006835937499999889,00,,2,
Bell,1024,2,0.05,2,3,1,1,0.003946542739868164,0.04394531249999989,00,,2,
Bell,1024,3,0.0,2,3,1,1,0.004305601119995117,0.021484375,11,,2,
Bell,1024,3,0.001,2,3,1,1,0.00445103645324707,0.0380859375,00,,2,
Bell,1024,3,0.01,2,3,1,1,0.0030188560485839844,0.0244140625,00,,2,
Bell,1024,3,0.05,2,3,1,1,0.004014730453491211,0.0400390625,00,,2,
Bell,4096,0,0.0,2,3,1,1,0.016423702239990234,0.005126953125,11,,2,
Bell,4096,0,0.001,2,3,1,1,0.010551691055297852,0.00634765625,11,,2,
Bell,4096,0,0.01,2,3,1,1,0.010511159896850586,0.010986328125,00,,2,
Bell,4096,0,0.05,2,3,1,1,0.013711690902709961,0.05395507812499989,11,,2,
Bell,4096,1,0.0,2,3,1,1,0.014562129974365234,0.009521484375,11,,2,
Bell,4096,1,0.001,2,3,1,1,0.010833263397216797,0.002197265625,00,,2,
Bell,4096,1,0.05,2,3,1,1,0.016932010650634766,0.05200195312499989,00,,2,
Bell,4096,1,0.01,2,3,1,1,0.012603998184204102,0.00927734375,11,,2,
Bell,4096,2,0.0,2,3,1,1,0.015431404113769531,0.000732421875,11,,2,
Bell,4096,2,0.001,2,3,1,1,0.014790534973144531,0.000488281249999889,00,,2,
Bell,4096,2,0.01,2,3,1,1,0.015365362167358398,0.010009765624999889,00,,2,
Bell,4096,2,0.05,2,3,1,1,0.01419687271118164,0.04785156249999989,00,,2,
Bell,4096,3,0.0,2,3,1,1,0.015208005905151367,0.001953125,00,,2,
Bell,4096,3,0.001,2,3,1,1,0.011998176574707031,0.005615234375,11,,2,
Bell,4096,3,0.01,2,3,1,1,0.014503955841064453,0.015869140625,11,,2,
Bell,4096,3,0.05,2,3,1,1,0.008667469024658203,0.05004882812499989,00,,2,
GHZ,128,0,0.0,2,3,1,1,0.0016446113586425781,0.03125,11,,2,
GHZ,128,0,0.001,2,3,1,1,0.002244234085083008,0.046875,00,,2,
GHZ,128,0,0.01,2,3,1,1,0.002254962921142578,0.0234375,11,,2,
GHZ,128,0,0.05,2,3,1,1,0.0021903514862060547,0.0390625,11,,2,
GHZ,128,1,0.0,2,3,1,1,0.0012035369873046875,0.0546875,00,,2,
GHZ,128,1,0.001,2,3,1,1,0.0019791126251220703,0.0078125,11,,2,
GHZ,128,1,0.01,2,3,1,1,0.0021338462829589844,0.03124999999999989,11,,2,
GHZ,128,2,0.0,2,3,1,1,0.0010199546813964844,0.0390625,11,,2,
GHZ,128,1,0.05,2,3,1,1,0.002215862274169922,0.07812499999999989,11,,2,
GHZ,128,2,0.01,2,3,1,1,0.0016858577728271484,0.09375,11,,2,
GHZ,128,2,0.001,2,3,1,1,0.003000974655151367,0.0234375,00,,2,
GHZ,128,2,0.05,2,3,1,1,0.002015829086303711,0.0234375,00,,2,
GHZ,128,3,0.0,2,3,1,1,0.0015411376953125,0.03125,00,,2,
GHZ,128,3,0.01,2,3,1,1,0.002172231674194336,0.03125,00,,2,
GHZ,128,3,0.001,2,3,1,1,0.0020999908447265625,0.046875,11,,2,
GHZ,128,3,0.05,2,3,1,1,0.002243518829345703,0.0546875,00,,2,
GHZ,512,0,0.0,2,3,1,1,0.002573728561401367,0.013671875,00,,2,
GHZ,512,0,0.001,2,3,1,1,0.0020608901977539062,0.001953125,11,,2,
GHZ,512,0,0.01,2,3,1,1,0.0027718544006347656,0.060546875,00,,2,
GHZ,512,0,0.05,2,3,1,1,0.003125429153442383,0.06249999999999989,11,,2,
GHZ,512,1,0.0,2,3,1,1,0.0018000602722167969,0.05078125,00,,2,
GHZ,512,1,0.001,2,3,1,1,0.0032033920288085938,0.017578125,00,,2,
GHZ,512,1,0.01,2,3,1,1,0.003042936325073242,0.01953125,11,,2,
GHZ,512,1,0.05,2,3,1,1,0.002663850784301758,0.03320312499999989,11,,2,
GHZ,512,2,0.0,2,3,1,1,0.0025238990783691406,0.025390625,11,,2,
GHZ,512,2,0.01,2,3,1,1,0.0028617382049560547,0.009765624999999889,11,,2,
GHZ,512,2,0.001,2,3,1,1,0.003703594207763672,0.009765625,00,,2,
GHZ,512,3,0.0,2,3,1,1,0.0019414424896240234,0.017578125,11,,2,
GHZ,512,2,0.05,2,3,1,1,0.0027666091918945312,0.05078124999999989,00,,2,
GHZ,512,3,0.001,2,3,1,1,0.0028314590454101562,0.03125,11,,2,
GHZ,512,3,0.01,2,3,1,1,0.006536960601806641,0.025390625,11,,2,
GHZ,512,3,0.05,2,3,1,1,0.002689838409423828,0.05664062499999989,11,,2,
GHZ,1024,0,0.0,2,3,1,1,0.004515171051025391,0.001953125,00,,2,
GHZ,1024,0,0.001,2,3,1,1,0.00478053092956543,0.0166015625,11,,2,
GHZ,1024,0,0.01,2,3,1,1,0.003854513168334961,0.0322265625,00,,2,
GHZ,1024,0,0.05,2,3,1,1,0.003547191619873047,0.04589843749999989,00,,2,
GHZ,1024,1,0.0,2,3,1,1,0.003339529037475586,0.0126953125,11,,2,
GHZ,1024,1,0.001,2,3,1,1,0.004127025604248047,0.0078125,11,,2,
GHZ,1024,1,0.01,2,3,1,1,0.0046842098236083984,0.011718749999999889,00,,2,
GHZ,1024,1,0.05,2,3,1,1,0.003834962844848633,0.04296874999999989,00,,2,
GHZ,1024,2,0.0,2,3,1,1,0.004609823226928711,1.1102230246251565e-16,00,,2,
GHZ,1024,2,0.001,2,3,1,1,0.00472569465637207,0.0185546875,11,,2,
GHZ,1024,2,0.01,2,3,1,1,0.0038607120513916016,0.021484375,11,,2,
GHZ,1024,2,0.05,2,3,1,1,0.0033462047576904297,0.05566406249999989,11,,2,
GHZ,1024,3,0.0,2,3,1,1,0.004049539566040039,0.029296875,11,,2,
GHZ,1024,3,0.001,2,3,1,1,0.00433349609375,0.00390625,00,,2,
GHZ,1024,3,0.05,2,3,1,1,0.0037262439727783203,0.04589843749999989,00,,2,
GHZ,1024,3,0.01,2,3,1,1,0.0054225921630859375,0.0205078125,00,,2,
GHZ,4096,0,0.0,2,3,1,1,0.010368824005126953,0.006103515625,11,,2,
GHZ,4096,0,0.001,2,3,1,1,0.012130498886108398,0.011474609375,11,,2,
GHZ,4096,0,0.05,2,3,1,1,0.0131988525390625,0.04882812499999989,11,,2,
GHZ,4096,0,0.01,2,3,1,1,0.010286331176757812,0.01025390625,00,,2,
GHZ,4096,1,0.0,2,3,1,1,0.014456033706665039,0.005859375,11,,2,
GHZ,4096,1,0.001,2,3,1,1,0.014256715774536133,0.005859375,11,,2,
GHZ,4096,1,0.01,2,3,1,1,0.01320338249206543,0.01318359375,11,,2,
GHZ,4096,1,0.05,2,3,1,1,0.0144500732421875,0.05444335937499989,11,,2,
GHZ,4096,2,0.0,2,3,1,1,0.015273571014404297,0.001220703125,00,,2,
GHZ,4096,2,0.001,2,3,1,1,0.01275777816772461,0.008544921875,00,,2,
GHZ,4096,2,0.01,2,3,1,1,0.008870840072631836,0.013671874999999889,11,,2,
GHZ,4096,2,0.05,2,3,1,1,0.011182785034179688,0.05468749999999989,11,,2,
GHZ,4096,3,0.0,2,3,1,1,0.013933181762695312,0.025146484375,11,,2,
GHZ,4096,3,0.001,2,3,1,1,0.00953054428100586,0.0166015625,11,,2,
GHZ,4096,3,0.01,2,3,1,1,0.01282644271850586,0.018310546875,11,,2,
GHZ,4096,3,0.05,2,3,1,1,0.01180887222290039,0.05297851562499989,00,,2,
GHZ,128,0,0.0,3,4,1,2,0.0010881423950195312,0.0390625,000,,3,
GHZ,128,0,0.001,3,4,1,2,0.0019741058349609375,0.0078125,111,,3,
GHZ,128,0,0.01,3,4,1,2,0.0021817684173583984,0.03125,111,,3,
GHZ,128,0,0.05,3,4,1,2,0.002240419387817383,0.1562499999999999,111,,3,
GHZ,128,1,0.0,3,4,1,2,0.0011453628540039062,0.0390625,000,,3,
GHZ,128,1,0.001,3,4,1,2,0.001882791519165039,0.0390625,111,,3,
GHZ,128,1,0.01,3,4,1,2,0.002147197723388672,0.0390625,000,,3,
GHZ,128,1,0.05,3,4,1,2,0.0019905567169189453,0.1484374999999999,000,,3,
GHZ,128,2,0.0,3,4,1,2,0.001196146011352539,0.015625,000,,3,
GHZ,128,2,0.001,3,4,1,2,0.002099752426147461,0.078125,000,,3,
GHZ,128,2,0.01,3,4,1,2,0.0018329620361328125,0.046875,000,,3,
GHZ,128,2,0.05,3,4,1,2,0.00201416015625,0.15625,111,,3,
GHZ,128,3,0.0,3,4,1,2,0.0011420249938964844,0.0078125,111,,3,
GHZ,128,3,0.001,3,4,1,2,0.002084016799926758,0.046875,000,,3,
GHZ,128,3,0.05,3,4,1,2,0.003183126449584961,0.1562499999999999,000,,3,
GHZ,128,3,0.01,3,4,1,2,0.0019676685333251953,0.046875,111,,3,
GHZ,512,0,0.0,3,4,1,2,0.0023992061614990234,0.015625,000,,3,
GHZ,512,0,0.001,3,4,1,2,0.003598928451538086,0.03125,111,,3,
GHZ,512,0,0.01,3,4,1,2,0.003994464874267578,0.017578125,111,,3,
GHZ,512,0,0.05,3,4,1,2,0.004034996032714844,0.10937499999999989,000,,3,
GHZ,512,1,0.0,3,4,1,2,0.002192258834838867,0.0234375,000,,3,
GHZ,512,1,0.001,3,4,1,2,0.002568483352661133,0.017578125,000,,3,
GHZ,512,1,0.01,3,4,1,2,0.002758502960205078,0.025390625,000,,3,
GHZ,512,1,0.05,3,4,1,2,0.0026340484619140625,0.10156249999999989,111,,3,
GHZ,512,2,0.0,3,4,1,2,0.0020618438720703125,0.025390625,111,,3,
GHZ,512,2,0.001,3,4,1,2,0.002282857894897461,0.021484375,000,,3,
GHZ,512,2,0.05,3,4,1,2,0.003760814666748047,0.12499999999999989,111,,3,
GHZ,512,2,0.01,3,4,1,2,0.002502918243408203,0.021484375,000,,3,
GHZ,512,3,0.0,3,4,1,2,0.0015549659729003906,0.017578125,000,,3,
GHZ,512,3,0.01,3,4,1,2,0.003725767135620117,0.02148437499999989,111,,3,
GHZ,512,3,0.001,3,4,1,2,0.015555620193481445,0.005859375,111,,3,
GHZ,512,3,0.05,3,4,1,2,0.007271289825439453,0.1289062499999999,111,,3,
GHZ,1024,0,0.0,3,4,1,2,0.005311489105224609,1.1102230246251565e-16,000,,3,
GHZ,1024,0,0.01,3,4,1,2,0.0037801265716552734,0.03515625,000,,3,
GHZ,1024,0,0.001,3,4,1,2,0.004135847091674805,0.0029296875,111,,3,
GHZ,1024,0,0.05,3,4,1,2,0.0033211708068847656,0.10937499999999989,000,,3,
GHZ,1024,1,0.0,3,4,1,2,0.005021095275878906,0.0322265625,000,,3,
GHZ,1024,1,0.001,3,4,1,2,0.0036122798919677734,0.025390625,111,,3,
GHZ,1024,1,0.01,3,4,1,2,0.0035326480865478516,0.0400390625,000,,3,
GHZ,1024,1,0.05,3,4,1,2,0.0059587955474853516,0.1289062499999999,111,,3,
GHZ,1024,2,0.0,3,4,1,2,0.008008003234863281,0.015625,111,,3,
GHZ,1024,2,0.001,3,4,1,2,0.0032553672790527344,0.001953125,111,,3,
GHZ,1024,2,0.01,3,4,1,2,0.003807544708251953,0.0361328125,111,,3,
GHZ,1024,2,0.05,3,4,1,2,0.005645751953125,0.10937499999999989,000,,3,
GHZ,1024,3,0.0,3,4,1,2,0.00452113151550293,0.00390625,111,,3,
GHZ,1024,3,0.001,3,4,1,2,0.003225088119506836,0.03125,000,,3,
GHZ,1024,3,0.01,3,4,1,2,0.002915620803833008,0.0283203125,111,,3,
GHZ,1024,3,0.05,3,4,1,2,0.002377033233642578,0.1259765624999999,111,,3,
GHZ,4096,0,0.0,3,4,1,2,0.016033411026000977,0.00341796875,111,,3,
GHZ,4096,0,0.001,3,4,1,2,0.008868217468261719,0.0205078125,111,,3,
GHZ,4096,0,0.01,3,4,1,2,0.010229110717773438,0.02514648437499989,111,,3,
GHZ,4096,0,0.05,3,4,1,2,0.013089656829833984,0.11206054687499989,000,,3,
GHZ,4096,1,0.0,3,4,1,2,0.012235879898071289,0.00146484375,111,,3,
GHZ,4096,1,0.001,3,4,1,2,0.006743907928466797,0.009521484375,111,,3,
GHZ,4096,1,0.05,3,4,1,2,0.0074634552001953125,0.12255859374999989,000,,3,
GHZ,4096,1,0.01,3,4,1,2,0.007927656173706055,0.03076171875,000,,3,
GHZ,4096,2,0.0,3,4,1,2,0.014173030853271484,0.009765625,111,,3,
GHZ,4096,2,0.001,3,4,1,2,0.014473438262939453,0.002441406249999889,111,,3,
GHZ,4096,2,0.01,3,4,1,2,0.012670516967773438,0.02416992187499989,000,,3,
GHZ,4096,2,0.05,3,4,1,2,0.009470462799072266,0.12036132812499989,111,,3,
GHZ,4096,3,0.0,3,4,1,2,0.015455961227416992,0.007568359375,111,,3,
GHZ,4096,3,0.001,3,4,1,2,0.011463403701782227,0.005126953125,111,,3,
GHZ,4096,3,0.01,3,4,1,2,0.008476018905639648,0.02343749999999989,111,,3,
GHZ,4096,3,0.05,3,4,1,2,0.011667251586914062,0.12158203124999989,000,,3,
GHZ,128,0,0.0,4,5,1,3,0.003540515899658203,0.046875,1111,,4,
GHZ,128,0,0.001,4,5,1,3,0.01728200912475586,0.0078125,0000,,4,
GHZ,128,0,0.01,4,5,1,3,0.0030858516693115234,0.09375,1111,,4,
GHZ,128,0,0.05,4,5,1,3,0.003531217575073242,0.2343749999999999,0000,,4,
GHZ,128,1,0.0,4,5,1,3,0.0013055801391601562,0.0390625,1111,,4,
GHZ,128,1,0.001,4,5,1,3,0.0020813941955566406,0.0546875,1111,,4,
GHZ,128,1,0.01,4,5,1,3,0.0018301010131835938,0.046875,0000,,4,
GHZ,128,2,0.0,4,5,1,3,0.0012066364288330078,0.0078125,0000,,4,
GHZ,128,1,0.05,4,5,1,3,0.002145528793334961,0.2343749999999999,0000,,4,
GHZ,128,2,0.001,4,5,1,3,0.0018157958984375,0.03125,0000,,4,
GHZ,128,2,0.01,4,5,1,3,0.0020606517791748047,0.015625,0000,,4,
GHZ,128,3,0.0,4,5,1,3,0.001298666000366211,1.1102230246251565e-16,0000,,4,
GHZ,128,2,0.05,4,5,1,3,0.0023872852325439453,0.2109374999999999,1111,,4,
GHZ,128,3,0.001,4,5,1,3,0.002191305160522461,0.0546875,1111,,4,
GHZ,128,3,0.01,4,5,1,3,0.0024297237396240234,0.0546875,1111,,4,
GHZ,512,0,0.0,4,5,1,3,0.002677440643310547,0.009765625,1111,,4,
GHZ,128,3,0.05,4,5,1,3,0.0022864341735839844,0.2343749999999999,0000,,4,
GHZ,512,0,0.001,4,5,1,3,0.002938985824584961,0.0078125,1111,,4,
GHZ,512,0,0.01,4,5,1,3,0.0024209022521972656,0.04492187499999989,1111,,4,
GHZ,512,0,0.05,4,5,1,3,0.003774881362915039,0.2148437499999999,1111,,4,
GHZ,512,1,0.0,4,5,1,3,0.0026617050170898438,0.02734375,0000,,4,
GHZ,512,1,0.001,4,5,1,3,0.003039836883544922,0.00390625,1111,,4,
GHZ,512,1,0.01,4,5,1,3,0.0028336048126220703,0.041015625,1111,,4,
GHZ,512,1,0.05,4,5,1,3,0.0025930404663085938,0.1777343749999999,0000,,4,
GHZ,512,2,0.0,4,5,1,3,0.0029997825622558594,0.009765625,1111,,4,
GHZ,512,2,0.001,4,5,1,3,0.0030815601348876953,0.00390625,1111,,4,
GHZ,512,2,0.01,4,5,1,3,0.0032100677490234375,0.046875,1111,,4,
GHZ,512,2,0.05,4,5,1,3,0.0031785964965820312,0.2050781249999999,1111,,4,
GHZ,512,3,0.0,4,5,1,3,0.002519369125366211,1.1102230246251565e-16,0000,,4,
GHZ,512,3,0.001,4,5,1,3,0.0029075145721435547,0.0234375,1111,,4,
GHZ,1024,0,0.0,4,5,1,3,0.0036344528198242188,0.0087890625,0000,,4,
GHZ,512,3,0.01,4,5,1,3,0.00322723388671875,0.02929687499999989,0000,,4,
GHZ,512,3,0.05,4,5,1,3,0.0032019615173339844,0.1777343749999999,0000,,4,
GHZ,1024,0,0.001,4,5,1,3,0.004347085952758789,0.0107421875,0000,,4,
GHZ,1024,0,0.01,4,5,1,3,0.004854917526245117,0.046875,1111,,4,
GHZ,1024,1,0.0,4,5,1,3,0.006754875183105469,0.009765625,0000,,4,
GHZ,1024,0,0.05,4,5,1,3,0.003339052200317383,0.1689453124999999,1111,,4,
GHZ,1024,1,0.001,4,5,1,3,0.0032765865325927734,0.0068359375,1111,,4,
GHZ,1024,1,0.01,4,5,1,3,0.003348112106323242,0.04882812499999989,0000,,4,
GHZ,1024,1,0.05,4,5,1,3,0.005468606948852539,0.1914062499999999,0000,,4,
GHZ,1024,2,0.0,4,5,1,3,0.0053997039794921875,0.0146484375,1111,,4,
GHZ,1024,2,0.001,4,5,1,3,0.0038726329803466797,0.0107421875,0000,,4,
GHZ,1024,2,0.01,4,5,1,3,0.0043163299560546875,0.041015625,1111,,4,
GHZ,1024,2,0.05,4,5,1,3,0.004603385925292969,0.1923828124999999,0000,,4,
GHZ,1024,3,0.0,4,5,1,3,0.004984855651855469,1.1102230246251565e-16,1111,,4,
GHZ,1024,3,0.001,4,5,1,3,0.005426645278930664,0.0078125,1111,,4,
GHZ,1024,3,0.01,4,5,1,3,0.004633903503417969,0.02929687499999989,0000,,4,
GHZ,1024,3,0.05,4,5,1,3,0.0042438507080078125,0.1748046874999999,0000,,4,
GHZ,4096,0,0.0,4,5,1,3,0.01845264434814453,0.00634765625,0000,,4,
GHZ,4096,0,0.001,4,5,1,3,0.013345003128051758,0.009033203125,1111,,4,
GHZ,4096,0,0.01,4,5,1,3,0.011723995208740234,0.04052734374999989,1111,,4,
GHZ,4096,0,0.05,4,5,1,3,0.01551198959350586,0.1962890624999999,1111,,4,
GHZ,4096,1,0.0,4,5,1,3,0.019054412841796875,0.01025390625,0000,,4,
GHZ,4096,1,0.001,4,5,1,3,0.01201772689819336,0.005859374999999889,0000,,4,
GHZ,4096,1,0.01,4,5,1,3,0.0125579833984375,0.03881835937499989,0000,,4,
GHZ,4096,1,0.05,4,5,1,3,0.008528709411621094,0.1889648437499999,1111,,4,
GHZ,4096,2,0.0,4,5,1,3,0.020060300827026367,0.015380859375,0000,,4,
GHZ,4096,2,0.001,4,5,1,3,0.011631250381469727,0.00830078125,0000,,4,
GHZ,4096,2,0.01,4,5,1,3,0.015411138534545898,0.03637695312499989,0000,,4,
GHZ,4096,2,0.05,4,5,1,3,0.01243138313293457,0.1870117187499999,0000,,4,
GHZ,4096,3,0.0,4,5,1,3,0.020045757293701172,0.009033203125,1111,,4,
GHZ,4096,3,0.001,4,5,1,3,0.008220195770263672,0.013427734375,0000,,4,
GHZ,4096,3,0.01,4,5,1,3,0.015410661697387695,0.04296874999999989,1111,,4,
GHZ,4096,3,0.05,4,5,1,3,0.010704278945922852,0.1738281249999999,0000,,4,
GHZ,128,0,0.0,5,6,1,4,0.0011446475982666016,0.046875,00000,,5,
GHZ,128,0,0.01,5,6,1,4,0.0024259090423583984,0.10937499999999989,00000,,5,
GHZ,128,0,0.001,5,6,1,4,0.0028395652770996094,0.0234375,11111,,5,
GHZ,128,0,0.05,5,6,1,4,0.0026273727416992188,0.2109374999999999,00000,,5,
GHZ,128,1,0.01,5,6,1,4,0.002387523651123047,0.0546875,00000,,5,
GHZ,128,1,0.0,5,6,1,4,0.001379251480102539,0.0703125,11111,,5,
GHZ,128,1,0.001,5,6,1,4,0.002279996871948242,0.0546875,11111,,5,
GHZ,128,1,0.05,5,6,1,4,0.0036814212799072266,0.2109374999999999,00000,,5,
GHZ,128,2,0.0,5,6,1,4,0.0011010169982910156,0.03125,11111,,5,
GHZ,128,2,0.001,5,6,1,4,0.002345561981201172,0.015625,11111,,5,
GHZ,128,2,0.01,5,6,1,4,0.003728151321411133,0.0625,00000,,5,
GHZ,128,2,0.05,5,6,1,4,0.002005338668823242,0.1718749999999999,11111,,5,
GHZ,128,3,0.0,5,6,1,4,0.0011286735534667969,0.015625,00000,,5,
GHZ,128,3,0.01,5,6,1,4,0.003125429153442383,0.046875,00000,,5,
GHZ,128,3,0.05,5,6,1,4,0.0034148693084716797,0.1953124999999999,11111,,5,
GHZ,128,3,0.001,5,6,1,4,0.003237485885620117,0.03125,11111,,5,
GHZ,512,0,0.0,5,6,1,4,0.002701997756958008,0.009765625,00000,,5,
GHZ,512,0,0.001,5,6,1,4,0.0031266212463378906,0.01953125,00000,,5,
GHZ,512,0,0.01,5,6,1,4,0.0031964778900146484,0.06640624999999989,00000,,5,
GHZ,512,0,0.05,5,6,1,4,0.0032601356506347656,0.2363281249999999,11111,,5,
GHZ,512,1,0.0,5,6,1,4,0.0029230117797851562,0.005859375,11111,,5,
GHZ,512,1,0.001,5,6,1,4,0.002614259719848633,0.025390625,00000,,5,
GHZ,512,1,0.01,5,6,1,4,0.0025603771209716797,0.04882812499999989,00000,,5,
GHZ,512,1,0.05,5,6,1,4,0.002844095230102539,0.2109374999999999,11111,,5,
GHZ,512,2,0.0,5,6,1,4,0.003631591796875,0.017578125,11111,,5,
GHZ,512,2,0.001,5,6,1,4,0.0033826828002929688,0.007812499999999889,11111,,5,
GHZ,512,2,0.01,5,6,1,4,0.0028574466705322266,0.06835937499999989,11111,,5,
GHZ,512,2,0.05,5,6,1,4,0.0037488937377929688,0.2656249999999999,00000,,5,
GHZ,512,3,0.0,5,6,1,4,0.0035266876220703125,0.00390625,11111,,5,
GHZ,512,3,0.001,5,6,1,4,0.003458738327026367,0.013671875,11111,,5,
GHZ,512,3,0.01,5,6,1,4,0.002784252166748047,0.07031249999999989,11111,,5,
GHZ,512,3,0.05,5,6,1,4,0.0037522315979003906,0.2558593749999999,11111,,5,
GHZ,1024,0,0.0,5,6,1,4,0.0051457881927490234,0.0107421875,00000,,5,
GHZ,1024,0,0.001,5,6,1,4,0.004044055938720703,0.033203125,00000,,5,
GHZ,1024,0,0.01,5,6,1,4,0.003812074661254883,0.05566406249999989,00000,,5,
GHZ,1024,0,0.05,5,6,1,4,0.006264686584472656,0.2548828124999999,00000,,5,
GHZ,1024,1,0.0,5,6,1,4,0.005765676498413086,0.00390625,00000,,5,
GHZ,1024,1,0.001,5,6,1,4,0.004703998565673828,0.01171875,11111,,5,
GHZ,1024,1,0.01,5,6,1,4,0.003793954849243164,0.05664062499999989,11111,,5,
GHZ,1024,1,0.05,5,6,1,4,0.003999471664428711,0.2519531249999999,00000,,5,
GHZ,1024,2,0.0,5,6,1,4,0.0054242610931396484,0.005859375,00000,,5,
GHZ,1024,2,0.001,5,6,1,4,0.004143238067626953,0.0029296875,00000,,5,
GHZ,1024,2,0.01,5,6,1,4,0.005996227264404297,0.04589843749999989,00000,,5,
GHZ,1024,2,0.05,5,6,1,4,0.004358768463134766,0.2333984374999999,11111,,5,
GHZ,1024,3,0.0,5,6,1,4,0.0053844451904296875,0.0087890625,00000,,5,
GHZ,1024,3,0.001,5,6,1,4,0.004862308502197266,0.0185546875,11111,,5,
GHZ,1024,3,0.01,5,6,1,4,0.0036809444427490234,0.04394531249999989,11111,,5,
GHZ,1024,3,0.05,5,6,1,4,0.01596522331237793,0.2402343749999999,00000,,5,
GHZ,4096,0,0.0,5,6,1,4,0.019149303436279297,0.01171875,00000,,5,
GHZ,4096,0,0.001,5,6,1,4,0.0156404972076416,0.005615234374999889,11111,,5,
GHZ,4096,0,0.01,5,6,1,4,0.009619712829589844,0.05493164062499989,11111,,5,
GHZ,4096,0,0.05,5,6,1,4,0.023115873336791992,0.2524414062499999,11111,,5,
GHZ,4096,1,0.0,5,6,1,4,0.020967721939086914,0.001220703125,11111,,5,
GHZ,4096,1,0.001,5,6,1,4,0.015012264251708984,0.004394531249999889,11111,,5,
GHZ,4096,1,0.01,5,6,1,4,0.015207052230834961,0.05224609374999989,00000,,5,
GHZ,4096,2,0.0,5,6,1,4,0.019744396209716797,0.00732421875,00000,,5,
GHZ,4096,1,0.05,5,6,1,4,0.014299631118774414,0.2448730468749999,00000,,5,
GHZ,4096,2,0.001,5,6,1,4,0.015034198760986328,0.0126953125,11111,,5,
GHZ,4096,2,0.05,5,6,1,4,0.011804580688476562,0.2480468749999999,11111,,5,
GHZ,4096,2,0.01,5,6,1,4,0.014279842376708984,0.05346679687499989,11111,,5,
GHZ,4096,3,0.0,5,6,1,4,0.02083873748779297,0.000732421875,00000,,5,
GHZ,4096,3,0.001,5,6,1,4,0.014290332794189453,0.005859374999999889,11111,,5,
GHZ,4096,3,0.01,5,6,1,4,0.0149078369140625,0.05126953124999989,11111,,5,
GHZ,4096,3,0.05,5,6,1,4,0.016730308532714844,0.2470703124999999,11111,,5,
Grover,128,0,0.0,2,8,10,2,0.0011289119720458984,4.440892098500626e-16,11,1.0,2,
Grover,128,0,0.001,2,8,10,2,0.02773761749267578,0.007812499999999556,11,0.9921875,2,
Grover,128,0,0.05,2,8,10,2,0.002416372299194336,0.32812499999999956,11,0.671875,2,
Grover,128,0,0.01,2,8,10,2,0.0022928714752197266,0.07812499999999956,11,0.921875,2,
Grover,128,1,0.0,2,6,6,2,0.0012035369873046875,4.440892098500626e-16,11,1.0,2,
Grover,128,1,0.05,2,6,6,2,0.002094745635986328,0.14062499999999956,11,0.859375,2,
Grover,128,1,0.001,2,6,6,2,0.0023169517517089844,0.007812499999999556,11,0.9921875,2,
Grover,128,1,0.01,2,6,6,2,0.002472400665283203,0.046874999999999556,11,0.953125,2,
Grover,128,2,0.0,2,6,6,2,0.0017168521881103516,4.440892098500626e-16,11,1.0,2,
Grover,128,2,0.001,2,6,6,2,0.0023567676544189453,4.440892098500626e-16,11,1.0,2,
Grover,128,2,0.01,2,6,6,2,0.002936840057373047,0.023437499999999556,11,0.9765625,2,
Grover,128,2,0.05,2,6,6,2,0.0025141239166259766,0.13281249999999956,11,0.8671875,2,
Grover,128,3,0.0,2,6,6,2,0.0009887218475341797,4.440892098500626e-16,11,1.0,2,
Grover,128,3,0.05,2,6,6,2,0.002111196517944336,0.21874999999999956,11,0.78125,2,
Grover,128,3,0.001,2,6,6,2,0.0020842552185058594,0.007812499999999556,11,0.9921875,2,
Grover,512,0,0.0,2,8,10,2,0.0021643638610839844,4.440892098500626e-16,11,1.0,2,
Grover,128,3,0.01,2,6,6,2,0.001943826675415039,0.039062499999999556,11,0.9609375,2,
Grover,512,0,0.001,2,8,10,2,0.0027132034301757812,0.013671874999999556,11,0.986328125,2,
Grover,512,0,0.01,2,8,10,2,0.003380298614501953,0.09179687499999956,11,0.908203125,2,
Grover,512,0,0.05,2,8,10,2,0.003278493881225586,0.33398437499999956,11,0.666015625,2,
Grover,512,1,0.0,2,6,6,2,0.0023946762084960938,4.440892098500626e-16,11,1.0,2,
Grover,512,1,0.001,2,6,6,2,0.003325939178466797,0.001953124999999556,11,0.998046875,2,
Grover,512,1,0.01,2,6,6,2,0.0039033889770507812,0.056640624999999556,11,0.943359375,2,
Grover,512,1,0.05,2,6,6,2,0.0031461715698242188,0.15039062499999956,11,0.849609375,2,
Grover,512,2,0.0,2,6,6,2,0.0028781890869140625,4.440892098500626e-16,11,1.0,2,
Grover,512,2,0.001,2,6,6,2,0.003185749053955078,0.003906249999999556,11,0.99609375,2,
Grover,512,2,0.01,2,6,6,2,0.004006624221801758,0.042968749999999556,11,0.95703125,2,
Grover,512,3,0.0,2,6,6,2,0.0020699501037597656,4.440892098500626e-16,11,1.0,2,
Grover,512,2,0.05,2,6,6,2,0.0040361881256103516,0.17187499999999956,11,0.828125,2,
Grover,512,3,0.01,2,6,6,2,0.003639698028564453,0.033203124999999556,11,0.966796875,2,
Grover,512,3,0.001,2,6,6,2,0.00400996208190918,4.440892098500626e-16,11,1.0,2,
Grover,512,3,0.05,2,6,6,2,0.003098726272583008,0.19140624999999956,11,0.80859375,2,
Grover,1024,0,0.0,2,8,10,2,0.003454923629760742,4.440892098500626e-16,11,1.0,2,
Grover,1024,0,0.001,2,8,10,2,0.0039174556732177734,0.014648437499999556,11,0.9853515625,2,
Grover,1024,0,0.01,2,8,10,2,0.004376411437988281,0.07226562499999956,11,0.927734375,2,
Grover,1024,0,0.05,2,8,10,2,0.005457162857055664,0.37011718749999956,11,0.6298828125,2,
Grover,1024,1,0.0,2,6,6,2,0.004095792770385742,4.440892098500626e-16,11,1.0,2,
Grover,1024,1,0.001,2,6,6,2,0.0042705535888671875,0.004882812499999556,11,0.9951171875,2,
Grover,1024,1,0.01,2,6,6,2,0.004138946533203125,0.046874999999999556,11,0.953125,2,
Grover,1024,1,0.05,2,6,6,2,0.0034105777740478516,0.18359374999999956,11,0.81640625,2,
Grover,1024,2,0.0,2,6,6,2,0.003405332565307617,4.440892098500626e-16,11,1.0,2,
Grover,1024,2,0.001,2,6,6,2,0.004076242446899414,0.001953124999999556,11,0.998046875,2,
Grover,1024,2,0.01,2,6,6,2,0.0039997100830078125,0.038085937499999556,11,0.9619140625,2,
Grover,1024,2,0.05,2,6,6,2,0.0035305023193359375,0.17675781249999956,11,0.8232421875,2,
Grover,1024,3,0.0,2,6,6,2,0.0032074451446533203,4.440892098500626e-16,11,1.0,2,
Grover,1024,3,0.001,2,6,6,2,0.0046100616455078125,0.003906249999999556,11,0.99609375,2,
Grover,1024,3,0.01,2,6,6,2,0.00431513786315918,0.041015624999999556,11,0.958984375,2,
Grover,1024,3,0.05,2,6,6,2,0.004148960113525391,0.17089843749999956,11,0.8291015625,2,
Grover,4096,0,0.0,2,8,10,2,0.01744532585144043,4.440892098500626e-16,11,1.0,2,
Grover,4096,0,0.001,2,8,10,2,0.015532970428466797,0.010742187499999556,11,0.9892578125,2,
Grover,4096,0,0.01,2,8,10,2,0.01225900650024414,0.07519531249999956,11,0.9248046875,2,
Grover,4096,0,0.05,2,8,10,2,0.010670900344848633,0.34716796874999956,11,0.65283203125,2,
Grover,4096,1,0.0,2,6,6,2,0.014519214630126953,4.440892098500626e-16,11,1.0,2,
Grover,4096,1,0.001,2,6,6,2,0.013013124465942383,0.004150390624999556,11,0.995849609375,2,
Grover,4096,1,0.01,2,6,6,2,0.015085220336914062,0.041992187499999556,11,0.9580078125,2,
Grover,4096,1,0.05,2,6,6,2,0.011699438095092773,0.18286132812499956,11,0.817138671875,2,
Grover,4096,2,0.0,2,6,6,2,0.014658212661743164,4.440892098500626e-16,11,1.0,2,
Grover,4096,2,0.01,2,6,6,2,0.010685920715332031,0.038330078124999556,11,0.961669921875,2,
Grover,4096,2,0.001,2,6,6,2,0.01834845542907715,0.003662109374999556,11,0.996337890625,2,
Grover,4096,2,0.05,2,6,6,2,0.010674238204956055,0.18579101562499956,11,0.814208984375,2,
Grover,4096,3,0.0,2,6,6,2,0.00974130630493164,4.440892098500626e-16,11,1.0,2,
Grover,4096,3,0.001,2,6,6,2,0.011165142059326172,0.005371093749999556,11,0.99462890625,2,
Grover,4096,3,0.01,2,6,6,2,0.011912107467651367,0.041259765624999556,11,0.958740234375,2,
Grover,4096,3,0.05,2,6,6,2,0.015120983123779297,0.19604492187499956,11,0.803955078125,2,
Grover,128,0,0.0,3,12,23,0,0.0029828548431396484,0.08593750000000079,101,0.796875,3,
Grover,128,0,0.001,3,12,23,0,0.0023186206817626953,0.03124999999999934,101,0.7734375,3,
Grover,128,0,0.01,3,12,23,0,0.0028443336486816406,0.07031249999999935,101,0.7265625,3,
Grover,128,0,0.05,3,12,23,0,0.0029006004333496094,0.2734374999999994,101,0.5078125,3,
Grover,128,1,0.0,3,8,15,0,0.0020868778228759766,0.046875000000000736,101,0.8125,3,
Grover,128,1,0.05,3,8,15,0,0.009017705917358398,0.20312499999999933,101,0.5859375,3,
Grover,128,1,0.001,3,8,15,0,0.02817392349243164,0.03906249999999928,101,0.7578125,3,
Grover,128,1,0.01,3,8,15,0,0.009700298309326172,0.05468749999999906,101,0.7734375,3,
Grover,128,2,0.0,3,8,15,0,0.0015642642974853516,0.07031249999999926,101,0.7265625,3,
Grover,128,2,0.001,3,8,15,0,0.0025653839111328125,0.04687500000000086,101,0.8203125,3,
Grover,128,3,0.0,3,8,15,0,0.0015058517456054688,0.03906250000000093,101,0.8046875,3,
Grover,128,2,0.05,3,8,15,0,0.0021753311157226562,0.10937499999999935,101,0.6875,3,
Grover,128,2,0.01,3,8,15,0,0.002165555953979492,0.03906250000000093,101,0.796875,3,
Grover,128,3,0.001,3,8,15,0,0.0023136138916015625,0.09374999999999935,101,0.6953125,3,
Grover,128,3,0.01,3,8,15,0,0.003283262252807617,0.1249999999999992,101,0.6953125,3,
Grover,512,0,0.0,3,12,23,0,0.0027008056640625,0.03320312500000066,101,0.814453125,3,
Grover,128,3,0.05,3,8,15,0,0.0024454593658447266,0.1796874999999994,101,0.6015625,3,
Grover,512,0,0.05,3,12,23,0,0.0030138492584228516,0.3281249999999995,101,0.453125,3,
Grover,512,0,0.001,3,12,23,0,0.003449678421020508,0.03320312499999907,101,0.77734375,3,
Grover,512,1,0.0,3,8,15,0,0.0023233890533447266,0.03124999999999928,101,0.7734375,3,
Grover,512,0,0.01,3,12,23,0,0.0034742355346679688,0.052734374999999334,101,0.73046875,3,
Grover,512,1,0.001,3,8,15,0,0.003075838088989258,0.02734375000000093,101,0.78515625,3,
Grover,512,1,0.01,3,8,15,0,0.0035963058471679688,0.02148437500000086,101,0.783203125,3,
Grover,512,2,0.0,3,8,15,0,0.0020508766174316406,0.02343750000000079,101,0.78125,3,
Grover,512,1,0.05,3,8,15,0,0.0029752254486083984,0.12304687499999935,101,0.6640625,3,
Grover,512,2,0.001,3,8,15,0,0.003086566925048828,0.01953124999999921,101,0.77734375,3,
Grover,512,2,0.01,3,8,15,0,0.004064083099365234,0.041015624999999264,101,0.748046875,3,
Grover,512,3,0.0,3,8,15,0,0.001705169677734375,0.03515624999999914,101,0.76171875,3,
Grover,512,2,0.05,3,8,15,0,0.0033707618713378906,0.14453124999999936,101,0.63671875,3,
Grover,512,3,0.01,3,8,15,0,0.0027289390563964844,0.023437499999999216,101,0.7734375,3,
Grover,512,3,0.05,3,8,15,0,0.003371715545654297,0.12890624999999942,101,0.65234375,3,
Grover,512,3,0.001,3,8,15,0,0.0032701492309570312,0.02148437500000079,101,0.79296875,3,
Grover,1024,0,0.0,3,12,23,0,0.0026459693908691406,0.01855468750000086,101,0.787109375,3,
Grover,1024,0,0.001,3,12,23,0,0.004819631576538086,0.020507812499999195,101,0.7763671875,3,
Grover,1024,0,0.01,3,12,23,0,0.0043070316314697266,0.08984374999999929,101,0.6962890625,3,
Grover,1024,0,0.05,3,12,23,0,0.0069849491119384766,0.3320312499999995,101,0.44921875,3,
Grover,1024,1,0.0,3,8,15,0,0.0048961639404296875,0.0068359375000007876,101,0.7822265625,3,
Grover,1024,1,0.001,3,8,15,0,0.005401611328125,0.017578124999999285,101,0.7724609375,3,
Grover,1024,1,0.01,3,8,15,0,0.0040950775146484375,0.046874999999999334,101,0.7353515625,3,
Grover,1024,2,0.0,3,8,15,0,0.003452777862548828,0.02050781250000066,101,0.796875,3,
Grover,1024,1,0.05,3,8,15,0,0.00422978401184082,0.1503906249999994,101,0.630859375,3,
Grover,1024,2,0.001,3,8,15,0,0.004005908966064453,0.027343750000000805,101,0.7919921875,3,
Grover,1024,2,0.05,3,8,15,0,0.004109859466552734,0.14550781249999936,101,0.6357421875,3,
Grover,1024,2,0.01,3,8,15,0,0.005704164505004883,0.014648437500000732,101,0.78125,3,
Grover,1024,3,0.0,3,8,15,0,0.0034170150756835938,0.01660156250000093,101,0.7890625,3,
Grover,1024,3,0.001,3,8,15,0,0.004395246505737305,0.020507812500000736,101,0.7919921875,3,
Grover,1024,3,0.01,3,8,15,0,0.004515171051025391,0.025390624999999403,101,0.755859375,3,
Grover,1024,3,0.05,3,8,15,0,0.004472494125366211,0.14550781249999942,101,0.6357421875,3,
Grover,4096,0,0.0,3,12,23,0,0.014840841293334961,0.005859375000000878,101,0.781982421875,3,
Grover,4096,0,0.001,3,12,23,0,0.01249551773071289,0.012451171875000788,101,0.788818359375,3,
Grover,4096,0,0.05,3,12,23,0,0.012951850891113281,0.32348632812499944,101,0.457763671875,3,
Grover,4096,0,0.01,3,12,23,0,0.011928081512451172,0.09228515624999943,101,0.68896484375,3,
Grover,4096,1,0.0,3,8,15,0,0.01002645492553711,0.007080078124999195,101,0.779296875,3,
Grover,4096,1,0.001,3,8,15,0,0.0068356990814208984,0.015136718749999268,101,0.769287109375,3,
Grover,4096,1,0.01,3,8,15,0,0.010744810104370117,0.0319824218749994,101,0.749267578125,3,
Grover,4096,1,0.05,3,8,15,0,0.014832019805908203,0.12988281249999944,101,0.6513671875,3,
Grover,4096,2,0.0,3,8,15,0,0.009810924530029297,0.01489257812499934,101,0.769287109375,3,
Grover,4096,2,0.001,3,8,15,0,0.012394428253173828,0.015869140624999414,101,0.765380859375,3,
Grover,4096,2,0.01,3,8,15,0,0.011627674102783203,0.030273437499999403,101,0.7509765625,3,
Grover,4096,2,0.05,3,8,15,0,0.014161109924316406,0.13256835937499942,101,0.648681640625,3,
Grover,4096,3,0.0,3,8,15,0,0.01227569580078125,0.010742187499999212,101,0.777587890625,3,
Grover,4096,3,0.001,3,8,15,0,0.01240396499633789,0.0073242187500007876,101,0.78662109375,3,
Grover,4096,3,0.05,3,8,15,0,0.015220880508422852,0.1481933593749994,101,0.633056640625,3,
Grover,4096,3,0.01,3,8,15,0,0.01326751708984375,0.030273437499999403,101,0.7509765625,3,
Grover,128,0,0.0,4,12,30,0,0.0013020038604736328,0.156249999999999,1001,0.4296875,4,
Grover,128,0,0.001,4,12,30,0,0.0164337158203125,0.13281250000000097,1001,0.484375,4,
Grover,128,0,0.05,4,12,30,0,0.016165733337402344,0.23046874999999956,1001,0.2890625,4,
Grover,128,0,0.01,4,12,30,0,0.016613006591796875,0.12499999999999938,1001,0.4296875,4,
Grover,128,1,0.0,4,8,20,0,0.0012772083282470703,0.17187499999999903,1001,0.4140625,4,
Grover,128,1,0.001,4,8,20,0,0.01262664794921875,0.1523437500000008,1001,0.546875,4,
Grover,128,1,0.01,4,8,20,0,0.011699438095092773,0.11718749999999883,1001,0.4453125,4,
Grover,128,1,0.05,4,8,20,0,0.013408899307250977,0.1874999999999993,1001,0.3359375,4,
Grover,128,2,0.0,4,8,20,0,0.0015316009521484375,0.10156250000000061,1001,0.515625,4,
Grover,128,2,0.001,4,8,20,0,0.011029481887817383,0.13671874999999886,1001,0.421875,4,
Grover,128,2,0.01,4,8,20,0,0.012709856033325195,0.11718749999999903,1001,0.4375,4,
Grover,128,2,0.05,4,8,20,0,0.014523506164550781,0.16015624999999956,1001,0.3515625,4,
Grover,128,3,0.0,4,8,20,0,0.001756429672241211,0.09375000000000092,1001,0.4921875,4,
Grover,128,3,0.001,4,8,20,0,0.012201070785522461,0.11718749999999908,1001,0.4609375,4,
Grover,128,3,0.01,4,8,20,0,0.013007879257202148,0.14453124999999897,1001,0.4140625,4,
Grover,128,3,0.05,4,8,20,0,0.012719154357910156,0.12109374999999893,1001,0.4453125,4,
Grover,512,0,0.0,4,12,30,0,0.002242565155029297,0.058593750000000965,1001,0.48046875,4,
Grover,512,0,0.001,4,12,30,0,0.057508230209350586,0.05468749999999963,1001,0.43359375,4,
Grover,512,0,0.01,4,12,30,0,0.06143665313720703,0.11132812499999922,1001,0.3984375,4,
Grover,512,0,0.05,4,12,30,0,0.06565356254577637,0.24023437500000008,1001,0.232421875,4,
Grover,512,1,0.0,4,8,20,0,0.0021789073944091797,0.054687499999999396,1001,0.453125,4,
Grover,512,1,0.001,4,8,20,0,0.04432511329650879,0.07812499999999897,1001,0.4453125,4,
Grover,512,1,0.01,4,8,20,0,0.043538570404052734,0.06249999999999892,1001,0.44921875,4,
Grover,512,1,0.05,4,8,20,0,0.04800128936767578,0.14062499999999967,1001,0.349609375,4,
Grover,512,2,0.0,4,8,20,0,0.002454519271850586,0.031250000000001416,1001,0.474609375,4,
Grover,512,2,0.001,4,8,20,0,0.045114755630493164,0.05664062500000124,1001,0.4765625,4,
Grover,512,2,0.01,4,8,20,0,0.04325270652770996,0.06640624999999954,1001,0.421875,4,
Grover,512,3,0.0,4,8,20,0,0.002839326858520508,0.060546874999999174,1001,0.44921875,4,
Grover,512,2,0.05,4,8,20,0,0.0451970100402832,0.13281249999999972,1001,0.349609375,4,
Grover,512,3,0.001,4,8,20,0,0.045044660568237305,0.08007812500000061,1001,0.5,4,
Grover,512,3,0.01,4,8,20,0,0.04235267639160156,0.05664062499999903,1001,0.46484375,4,
Grover,1024,0,0.0,4,12,30,0,0.003030061721801758,0.04394531250000083,1001,0.490234375,4,
Grover,512,3,0.05,4,8,20,0,0.0447843074798584,0.12695312499999925,1001,0.384765625,4,
Grover,1024,0,0.001,4,12,30,0,0.08965229988098145,0.04687499999999905,1001,0.462890625,4,
Grover,1024,0,0.01,4,12,30,0,0.11293220520019531,0.09765624999999978,1001,0.384765625,4,
Grover,1024,1,0.0,4,8,20,0,0.002748727798461914,0.023437499999999105,1001,0.466796875,4,
Grover,1024,0,0.05,4,12,30,0,0.10071229934692383,0.24218750000000008,1001,0.23046875,4,
Grover,1024,1,0.001,4,8,20,0,0.08995628356933594,0.03222656250000123,1001,0.48046875,4,
Grover,1024,1,0.01,4,8,20,0,0.08629584312438965,0.04003906249999921,1001,0.4580078125,4,
Grover,1024,1,0.05,4,8,20,0,0.06236743927001953,0.1035156249999998,1001,0.375,4,
Grover,1024,2,0.0,4,8,20,0,0.0025298595428466797,0.05957031250000057,1001,0.501953125,4,
Grover,1024,2,0.001,4,8,20,0,0.09071779251098633,0.05078125000000113,1001,0.4765625,4,
Grover,1024,2,0.01,4,8,20,0,0.10186600685119629,0.05273437499999953,1001,0.43359375,4,
Grover,1024,3,0.0,4,8,20,0,0.012794017791748047,0.04296875000000061,1001,0.49609375,4,
Grover,1024,2,0.05,4,8,20,0,0.06951165199279785,0.10156249999999978,1001,0.376953125,4,
Grover,1024,3,0.001,4,8,20,0,0.0928184986114502,0.047851562499999244,1001,0.455078125,4,
Grover,1024,3,0.05,4,8,20,0,0.1082468032836914,0.1132812500000001,1001,0.359375,4,
Grover,4096,0,0.0,4,12,30,0,0.01330423355102539,0.012207031249999375,1001,0.468017578125,4,
Grover,1024,3,0.01,4,8,20,0,0.06436300277709961,0.04199218749999925,1001,0.45703125,4,
Grover,4096,0,0.001,4,12,30,0,0.4270181655883789,0.019042968750000895,1001,0.48095703125,4,
Grover,4096,1,0.0,4,8,20,0,0.12200546264648438,0.02416992187499925,1001,0.46533203125,4,
Grover,4096,0,0.01,4,12,30,0,0.3172578811645508,0.08007812499999982,1001,0.396240234375,4,
Grover,4096,0,0.05,4,12,30,0,0.31952476501464844,0.24121093750000017,1001,0.2314453125,4,
Grover,4096,1,0.001,4,8,20,0,0.28232431411743164,0.016601562499999063,1001,0.470458984375,4,
Grover,4096,1,0.01,4,8,20,0,0.2580530643463135,0.048339843749999806,1001,0.427001953125,4,
Grover,4096,2,0.0,4,8,20,0,0.03454136848449707,0.017089843749999396,1001,0.466064453125,4,
Grover,4096,1,0.05,4,8,20,0,0.24030685424804688,0.1125488281250001,1001,0.360107421875,4,
Grover,4096,2,0.001,4,8,20,0,0.31023526191711426,0.01733398437499921,1001,0.464599609375,4,
Grover,4096,2,0.05,4,8,20,0,0.2034604549407959,0.09790039062499978,1001,0.378173828125,4,
Grover,4096,3,0.0,4,8,20,0,0.04937601089477539,0.020263671874998897,1001,0.470703125,4,
Grover,4096,2,0.01,4,8,20,0,0.24321269989013672,0.02734374999999952,1001,0.451416015625,4,
Parameterized,128,0,0.0,2,3,2,1,0.006891012191772461,0.015625,01,,2,
Grover,4096,3,0.01,4,8,20,0,0.22665143013000488,0.03247070312499967,1001,0.447998046875,4,
Grover,4096,3,0.001,4,8,20,0,0.35800909996032715,0.018798828124999126,1001,0.47119140625,4,
Grover,4096,3,0.05,4,8,20,0,0.19196796417236328,0.09326171874999996,1001,0.381103515625,4,
Parameterized,128,0,0.05,2,3,2,1,0.0018792152404785156,0.08593750000000011,01,,2,
Parameterized,128,0,0.001,2,3,2,1,0.0025043487548828125,0.09375,11,,2,
Parameterized,128,0,0.01,2,3,2,1,0.002085447311401367,0.0390625,01,,2,
Parameterized,128,1,0.0,2,3,2,1,0.0012385845184326172,0.046875,01,,2,
Parameterized,128,1,0.01,2,3,2,1,0.0018720626831054688,0.0234375,01,,2,
Parameterized,128,1,0.001,2,3,2,1,0.002122640609741211,0.0546875,01,,2,
Parameterized,128,2,0.0,2,3,2,1,0.0012874603271484375,0.015625,11,,2,
Parameterized,128,1,0.05,2,3,2,1,0.0017461776733398438,0.05468750000000011,01,,2,
Parameterized,128,2,0.01,2,3,2,1,0.002469778060913086,0.02343750000000011,11,,2,
Parameterized,128,2,0.001,2,3,2,1,0.0031936168670654297,0.09375,01,,2,
Parameterized,128,3,0.0,2,3,2,1,0.0012257099151611328,0.046875,01,,2,
Parameterized,128,2,0.05,2,3,2,1,0.0028617382049560547,0.07812500000000011,01,,2,
Parameterized,128,3,0.05,2,3,2,1,0.0019626617431640625,0.078125,01,,2,
Parameterized,128,3,0.01,2,3,2,1,0.0025551319122314453,0.0390625,01,,2,
Parameterized,128,3,0.001,2,3,2,1,0.0022957324981689453,0.0546875,11,,2,
Parameterized,512,0,0.0,2,3,2,1,0.0019774436950683594,0.041015625,11,,2,
Parameterized,512,0,0.05,2,3,2,1,0.0030455589294433594,0.08593750000000011,11,,2,
Parameterized,512,0,0.001,2,3,2,1,0.0033118724822998047,0.0390625,11,,2,
Parameterized,512,0,0.01,2,3,2,1,0.002611875534057617,0.02539062500000011,01,,2,
Parameterized,512,1,0.0,2,3,2,1,0.0018467903137207031,0.013671875,01,,2,
Parameterized,512,1,0.001,2,3,2,1,0.003591775894165039,0.03125,11,,2,
Parameterized,512,1,0.05,2,3,2,1,0.0029087066650390625,0.07812500000000011,01,,2,
Parameterized,512,1,0.01,2,3,2,1,0.0034742355346679688,0.04296875,11,,2,
Parameterized,512,2,0.0,2,3,2,1,0.0023164749145507812,0.0078125,11,,2,
Parameterized,512,2,0.001,2,3,2,1,0.002923727035522461,0.015625,01,,2,
Parameterized,512,2,0.05,2,3,2,1,0.0028781890869140625,0.09375000000000011,11,,2,
Parameterized,512,2,0.01,2,3,2,1,0.002816915512084961,0.02734375,01,,2,
Parameterized,512,3,0.0,2,3,2,1,0.0019867420196533203,0.001953125,01,,2,
Parameterized,512,3,0.001,2,3,2,1,0.002728700637817383,0.009765625,01,,2,
Parameterized,512,3,0.01,2,3,2,1,0.0032808780670166016,0.029296875,01,,2,
Parameterized,1024,0,0.0,2,3,2,1,0.003316164016723633,0.0185546875,01,,2,
Parameterized,512,3,0.05,2,3,2,1,0.003992319107055664,0.08398437500000011,01,,2,
Parameterized,1024,0,0.01,2,3,2,1,0.0035772323608398438,0.01562500000000011,11,,2,
Parameterized,1024,0,0.001,2,3,2,1,0.005959987640380859,0.0107421875,11,,2,
Parameterized,1024,0,0.05,2,3,2,1,0.006849527359008789,0.06445312500000011,01,,2,
Parameterized,1024,1,0.0,2,3,2,1,0.004300355911254883,0.0244140625,01,,2,
Parameterized,1024,1,0.001,2,3,2,1,0.004670143127441406,0.0078125,11,,2,
Parameterized,1024,1,0.05,2,3,2,1,0.004717111587524414,0.07324218750000011,11,,2,
Parameterized,1024,1,0.01,2,3,2,1,0.004216670989990234,0.013671875000000111,11,,2,
Parameterized,1024,2,0.0,2,3,2,1,0.0037581920623779297,0.01171875,11,,2,
Parameterized,1024,2,0.001,2,3,2,1,0.006486177444458008,0.01171875,11,,2,
Parameterized,1024,2,0.01,2,3,2,1,0.00671696662902832,0.0302734375,11,,2,
Parameterized,1024,3,0.0,2,3,2,1,0.003813028335571289,0.017578125,11,,2,
Parameterized,1024,2,0.05,2,3,2,1,0.004755496978759766,0.07617187500000011,11,,2,
Parameterized,1024,3,0.001,2,3,2,1,0.005333900451660156,0.0029296875,01,,2,
Parameterized,1024,3,0.01,2,3,2,1,0.0048062801361083984,0.014648437500000111,11,,2,
Parameterized,1024,3,0.05,2,3,2,1,0.007384777069091797,0.08300781250000011,11,,2,
Parameterized,4096,0,0.0,2,3,2,1,0.017778873443603516,0.00537109375,11,,2,
Parameterized,4096,0,0.01,2,3,2,1,0.020088672637939453,0.016357421875,11,,2,
Parameterized,4096,0,0.001,2,3,2,1,0.011701107025146484,0.005859375,01,,2,
Parameterized,4096,0,0.05,2,3,2,1,0.014820098876953125,0.06982421875000011,01,,2,
Parameterized,4096,1,0.0,2,3,2,1,0.015797853469848633,0.015625,11,,2,
Parameterized,4096,1,0.001,2,3,2,1,0.017615318298339844,0.0068359375,01,,2,
Parameterized,4096,1,0.01,2,3,2,1,0.02468705177307129,0.017578125,01,,2,
Parameterized,4096,1,0.05,2,3,2,1,0.024381160736083984,0.06909179687500011,01,,2,
Parameterized,4096,2,0.0,2,3,2,1,0.012473821640014648,0.007568359375,11,,2,
Parameterized,4096,2,0.001,2,3,2,1,0.021759033203125,0.011474609375,11,,2,
Parameterized,4096,2,0.05,2,3,2,1,0.013557672500610352,0.07153320312500011,01,,2,
Parameterized,4096,2,0.01,2,3,2,1,0.012286186218261719,0.013916015625000111,01,,2,
Parameterized,4096,3,0.0,2,3,2,1,0.0164337158203125,0.0009765625,01,,2,
Parameterized,4096,3,0.001,2,3,2,1,0.019402027130126953,0.015869140625,11,,2,
Parameterized,4096,3,0.01,2,3,2,1,0.014496326446533203,0.013427734375000111,01,,2,
Parameterized,4096,3,0.05,2,3,2,1,0.014612197875976562,0.07543945312500011,01,,2,
Parameterized,128,0,0.0,3,4,3,2,0.0014867782592773438,0.06250000000000003,001,,3,
Parameterized,128,0,0.001,3,4,3,2,0.0029973983764648438,0.07812500000000003,001,,3,
Parameterized,128,0,0.01,3,4,3,2,0.002974271774291992,0.08593749999999997,001,,3,
Parameterized,128,0,0.05,3,4,3,2,0.0030181407928466797,0.13281250000000008,001,,3,
Parameterized,128,1,0.0,3,4,3,2,0.0014870166778564453,0.04687500000000003,111,,3,
Parameterized,128,1,0.01,3,4,3,2,0.0027933120727539062,0.09375,001,,3,
Parameterized,128,1,0.001,3,4,3,2,0.0031147003173828125,0.0234375,001,,3,
Parameterized,128,1,0.05,3,4,3,2,0.0028886795043945312,0.11718750000000008,001,,3,
Parameterized,128,2,0.0,3,4,3,2,0.0015366077423095703,0.023437500000000028,001,,3,
Parameterized,128,2,0.001,3,4,3,2,0.0029058456420898438,0.015625,111,,3,
Parameterized,128,2,0.01,3,4,3,2,0.003217935562133789,0.0390625,001,,3,
Parameterized,128,2,0.05,3,4,3,2,0.0028116703033447266,0.13281250000000008,001,,3,
Parameterized,128,3,0.0,3,4,3,2,0.0016405582427978516,0.04687500000000008,111,,3,
Parameterized,128,3,0.001,3,4,3,2,0.002986431121826172,0.0703125,111,,3,
Parameterized,128,3,0.01,3,4,3,2,0.003020048141479492,0.0390625,001,,3,
Parameterized,128,3,0.05,3,4,3,2,0.002941608428955078,0.09375000000000006,111,,3,
Parameterized,512,0,0.0,3,4,3,2,0.0025370121002197266,0.04101562499999992,111,,3,
Parameterized,512,0,0.01,3,4,3,2,0.003771066665649414,0.05468750000000003,111,,3,
Parameterized,512,0,0.001,3,4,3,2,0.004325389862060547,0.009765624999999917,111,,3,
Parameterized,512,0,0.05,3,4,3,2,0.004062652587890625,0.11328125000000008,001,,3,
Parameterized,512,1,0.0,3,4,3,2,0.0019714832305908203,0.046875,001,,3,
Parameterized,512,1,0.001,3,4,3,2,0.0037393569946289062,0.05078124999999997,001,,3,
Parameterized,512,1,0.01,3,4,3,2,0.00421595573425293,0.03710937500000003,001,,3,
Parameterized,512,1,0.05,3,4,3,2,0.0037527084350585938,0.08007812500000006,111,,3,
Parameterized,512,2,0.0,3,4,3,2,0.0031709671020507812,0.021484375,001,,3,
Parameterized,512,2,0.001,3,4,3,2,0.0041844844818115234,0.029296875,111,,3,
Parameterized,512,2,0.01,3,4,3,2,0.0038766860961914062,0.03320312500000008,001,,3,
Parameterized,512,3,0.0,3,4,3,2,0.002828359603881836,0.017578125,111,,3,
Parameterized,512,2,0.05,3,4,3,2,0.0041561126708984375,0.06835937500000006,001,,3,
Parameterized,512,3,0.01,3,4,3,2,0.0030908584594726562,0.04296875,001,,3,
Parameterized,512,3,0.001,3,4,3,2,0.0037348270416259766,0.013671875,001,,3,
Parameterized,512,3,0.05,3,4,3,2,0.0041179656982421875,0.08007812500000006,111,,3,
Parameterized,1024,0,0.0,3,4,3,2,0.003196239471435547,0.0244140625,111,,3,
Parameterized,1024,0,0.001,3,4,3,2,0.005328178405761719,0.0166015625,111,,3,
Parameterized,1024,0,0.01,3,4,3,2,0.005234718322753906,0.03710937499999997,001,,3,
Parameterized,1024,0,0.05,3,4,3,2,0.005262851715087891,0.08886718750000006,001,,3,
Parameterized,1024,1,0.0,3,4,3,2,0.004514455795288086,0.019531249999999917,001,,3,
Parameterized,1024,1,0.001,3,4,3,2,0.004931926727294922,0.017578125000000056,001,,3,
Parameterized,1024,1,0.01,3,4,3,2,0.0056383609771728516,0.03710937499999997,111,,3,
Parameterized,1024,2,0.0,3,4,3,2,0.0037009716033935547,0.015625,001,,3,
Parameterized,1024,1,0.05,3,4,3,2,0.008800029754638672,0.09179687500000008,001,,3,
Parameterized,1024,2,0.001,3,4,3,2,0.00594329833984375,0.04003906250000003,001,,3,
Parameterized,1024,2,0.01,3,4,3,2,0.006169795989990234,0.04296875,111,,3,
Parameterized,1024,2,0.05,3,4,3,2,0.007970094680786133,0.09667968750000008,001,,3,
Parameterized,1024,3,0.0,3,4,3,2,0.004929065704345703,0.007812499999999972,001,,3,
Parameterized,1024,3,0.01,3,4,3,2,0.0071184635162353516,0.0322265625,001,,3,
Parameterized,1024,3,0.001,3,4,3,2,0.005337238311767578,0.03125000000000008,111,,3,
Parameterized,4096,0,0.0,3,4,3,2,0.016223669052124023,0.005859375,111,,3,
Parameterized,1024,3,0.05,3,4,3,2,0.005243539810180664,0.09375000000000006,111,,3,
Parameterized,4096,0,0.01,3,4,3,2,0.01933431625366211,0.022460937500000083,001,,3,
Parameterized,4096,0,0.001,3,4,3,2,0.019162654876708984,0.00830078125,111,,3,
Parameterized,4096,1,0.0,3,4,3,2,0.01413273811340332,0.009765625000000028,001,,3,
Parameterized,4096,0,0.05,3,4,3,2,0.014749526977539062,0.08349609375000008,001,,3,
Parameterized,4096,1,0.001,3,4,3,2,0.017525434494018555,0.010009765625000083,111,,3,
Parameterized,4096,1,0.01,3,4,3,2,0.01827073097229004,0.026855468750000083,111,,3,
Parameterized,4096,1,0.05,3,4,3,2,0.014813423156738281,0.08935546875000008,111,,3,
Parameterized,4096,2,0.0,3,4,3,2,0.01322484016418457,0.009521484374999917,001,,3,
Parameterized,4096,2,0.001,3,4,3,2,0.017570018768310547,0.0126953125,111,,3,
Parameterized,4096,2,0.01,3,4,3,2,0.009657144546508789,0.014892578125000028,111,,3,
Parameterized,4096,3,0.0,3,4,3,2,0.025437593460083008,0.01025390625,001,,3,
Parameterized,4096,2,0.05,3,4,3,2,0.02201247215270996,0.08813476562500008,001,,3,
Parameterized,4096,3,0.001,3,4,3,2,0.020179271697998047,0.007568359375000028,111,,3,
Parameterized,4096,3,0.01,3,4,3,2,0.01734471321105957,0.023437500000000083,111,,3,
Parameterized,128,0,0.0,4,5,4,3,0.0019533634185791016,0.09106917382415923,0001,,4,
Parameterized,4096,3,0.05,3,4,3,2,0.02029132843017578,0.08178710937500008,111,,3,
Parameterized,128,0,0.001,4,5,4,3,0.002806425094604492,0.08103580470336318,0001,,4,
Parameterized,128,0,0.01,4,5,4,3,0.002985715866088867,0.09865169529663691,1111,,4,
Parameterized,128,1,0.0,4,5,4,3,0.0018863677978515625,0.11695752147247765,1111,,4,
Parameterized,128,0,0.05,4,5,4,3,0.0041730403900146484,0.09397997852752235,1111,,4,
Parameterized,128,1,0.001,4,5,4,3,0.0031294822692871094,0.06763167382415926,0001,,4,
Parameterized,128,1,0.01,4,5,4,3,0.0031316280364990234,0.10110254294495535,0001,,4,
Parameterized,128,1,0.05,4,5,4,3,0.0035157203674316406,0.12745084764831846,0001,,4,
Parameterized,128,2,0.0,4,5,4,3,0.0016300678253173828,0.1328125,0001,,4,
Parameterized,128,2,0.001,4,5,4,3,0.0029959678649902344,0.07299332617584077,0001,,4,
Parameterized,128,2,0.01,4,5,4,3,0.0031528472900390625,0.10646419529663692,0001,,4,
Parameterized,128,2,0.05,4,5,4,3,0.0038483142852783203,0.14820752147247768,0001,,4,
Parameterized,128,3,0.0,4,5,4,3,0.0016007423400878906,0.10960497852752236,1111,,4,
Parameterized,128,3,0.001,4,5,4,3,0.003215312957763672,0.09375000000000001,1111,,4,
Parameterized,128,3,0.01,4,5,4,3,0.0029082298278808594,0.11718750000000004,1111,,4,
Parameterized,128,3,0.05,4,5,4,3,0.004590272903442383,0.1557900429449553,1111,,4,
Parameterized,512,0,0.0,4,5,4,3,0.0028600692749023438,0.03147997852752235,0001,,4,
Parameterized,512,0,0.001,4,5,4,3,0.004159450531005859,0.05713834764831849,1111,,4,
Parameterized,512,0,0.01,4,5,4,3,0.004382133483886719,0.057406091769114556,0001,,4,
Parameterized,512,1,0.0,4,5,4,3,0.003396272659301758,0.03416080470336316,0001,,4,
Parameterized,512,0,0.05,4,5,4,3,0.0037419795989990234,0.15333919529663692,0001,,4,
Parameterized,512,1,0.001,4,5,4,3,0.00423741340637207,0.014399576175840811,1111,,4,
Parameterized,512,1,0.01,4,5,4,3,0.004002094268798828,0.04323649412079607,0001,,4,
Parameterized,512,1,0.05,4,5,4,3,0.003618001937866211,0.0981539726483185,0001,,4,
Parameterized,512,2,0.0,4,5,4,3,0.0026934146881103516,0.03002457617584081,0001,,4,
Parameterized,512,2,0.001,4,5,4,3,0.00374603271484375,0.0546875,1111,,4,
Parameterized,512,2,0.01,4,5,4,3,0.0036973953247070312,0.04078564647247768,0001,,4,
Parameterized,512,2,0.05,4,5,4,3,0.0040111541748046875,0.14039502147247773,1111,,4,
Parameterized,512,3,0.0,4,5,4,3,0.0030329227447509766,0.06322770117584077,0001,,4,
Parameterized,512,3,0.001,4,5,4,3,0.003910064697265625,0.04247102735168158,1111,,4,
Parameterized,512,3,0.01,4,5,4,3,0.004482269287109375,0.05491747852752239,1111,,4,
Parameterized,1024,0,0.0,4,5,4,3,0.003781557083129883,0.02125439647247772,1111,,4,
Parameterized,512,3,0.05,4,5,4,3,0.005158424377441406,0.1377141952966369,1111,,4,
Parameterized,1024,0,0.001,4,5,4,3,0.0056340694427490234,0.021484374999999962,0001,,4,
Parameterized,1024,0,0.01,4,5,4,3,0.006200075149536133,0.03297314647247768,1111,,4,
Parameterized,1024,1,0.0,4,5,4,3,0.0034208297729492188,0.023207521472477677,1111,,4,
Parameterized,1024,0,0.05,4,5,4,3,0.00583195686340332,0.14139046676911454,0001,,4,
Parameterized,1024,1,0.001,4,5,4,3,0.004691600799560547,0.02123551367584077,0001,,4,
Parameterized,1024,1,0.01,4,5,4,3,0.005694150924682617,0.03929247852752235,1111,,4,
Parameterized,1024,1,0.05,4,5,4,3,0.006526470184326172,0.13382682809327373,1111,,4,
Parameterized,1024,2,0.0,4,5,4,3,0.0044519901275634766,0.019761228527522323,1111,,4,
Parameterized,1024,2,0.001,4,5,4,3,0.0050449371337890625,0.029296875,0001,,4,
Parameterized,1024,2,0.01,4,5,4,3,0.0059621334075927734,0.03295426367584074,0001,,4,
Parameterized,1024,2,0.05,4,5,4,3,0.005277872085571289,0.10962386132415926,1111,,4,
Parameterized,1024,3,0.0,4,5,4,3,0.005151033401489258,0.02368636132415919,0001,,4,
Parameterized,1024,3,0.001,4,5,4,3,0.004946470260620117,0.05076236720336316,1111,,4,
Parameterized,1024,3,0.01,4,5,4,3,0.007509946823120117,0.03881363867584084,0001,,4,
Parameterized,1024,3,0.05,4,5,4,3,0.007614850997924805,0.11622982029663691,1111,,4,
Parameterized,4096,0,0.0,4,5,4,3,0.012310028076171875,0.014409017574159189,0001,,4,
Parameterized,4096,0,0.001,4,5,4,3,0.016319990158081055,0.013920736324159227,0001,,4,
Parameterized,4096,0,0.05,4,5,4,3,0.01605081558227539,0.12258691794495537,0001,,4,
Parameterized,4096,0,0.01,4,5,4,3,0.01388096809387207,0.025151205074159258,0001,,4,
Parameterized,4096,1,0.0,4,5,4,3,0.008088827133178711,0.017085123050840773,0001,,4,
Parameterized,4096,1,0.001,4,5,4,3,0.010836362838745117,0.019775390625,0001,,4,
Parameterized,4096,1,0.01,4,5,4,3,0.015828847885131836,0.029320478495796096,0001,,4,
Parameterized,4096,1,0.05,4,5,4,3,0.015678882598876953,0.12600488669495535,0001,,4,
Parameterized,4096,2,0.0,4,5,4,3,0.0191342830657959,0.01807112694915919,1111,,4,
Parameterized,4096,2,0.001,4,5,4,3,0.020030498504638672,0.013193035148318422,1111,,4,
Parameterized,4096,2,0.01,4,5,4,3,0.019442081451416016,0.04153223044495537,0001,,4,
Parameterized,4096,3,0.0,4,5,4,3,0.015131235122680664,0.009554529269114515,1111,,4,
Parameterized,4096,2,0.05,4,5,4,3,0.013194084167480469,0.12429590231995537,1111,,4,
Parameterized,4096,3,0.001,4,5,4,3,0.015591621398925781,0.009493160180044636,0001,,4,
Parameterized,4096,3,0.01,4,5,4,3,0.016737937927246094,0.02857861522247772,0001,,4,
Parameterized,128,0,0.0,5,6,5,4,0.0017774105072021484,0.11075761473182767,00001,,5,
Parameterized,4096,3,0.05,4,5,4,3,0.015657424926757812,0.13577051169495535,1111,,4,
Parameterized,128,0,0.001,5,6,5,4,0.0029647350311279297,0.11095007517674996,11111,,5,
Parameterized,128,0,0.05,5,6,5,4,0.0033369064331054688,0.16058086200109933,00001,,5,
Parameterized,128,0,0.01,5,6,5,4,0.0030913352966308594,0.11800277552767106,11111,,5,
Parameterized,128,1,0.0,5,6,5,4,0.002227306365966797,0.148305536498975,00001,,5,
Parameterized,128,1,0.001,5,6,5,4,0.003042936325073242,0.09482767555579674,11111,,5,
Parameterized,128,1,0.01,5,6,5,4,0.0032355785369873047,0.17724167341698682,11111,,5,
Parameterized,128,1,0.05,5,6,5,4,0.0033538341522216797,0.26278915594514546,00001,,5,
Parameterized,128,2,0.0,5,6,5,4,0.002280712127685547,0.14592964949916515,11111,,5,
Parameterized,128,2,0.001,5,6,5,4,0.003084897994995117,0.0834916734169868,00001,,5,
Parameterized,128,2,0.05,5,6,5,4,0.0030930042266845703,0.16940109797369274,00001,,5,
Parameterized,128,2,0.01,5,6,5,4,0.0038809776306152344,0.10391533262182111,11111,,5,
Parameterized,128,3,0.0,5,6,5,4,0.0019428730010986328,0.07420645932404343,00001,,5,
Parameterized,128,3,0.001,5,6,5,4,0.0032150745391845703,0.0984967529343144,00001,,5,
Parameterized,128,3,0.01,5,6,5,4,0.0033490657806396484,0.10067226382382037,11111,,5,
Parameterized,128,3,0.05,5,6,5,4,0.0034737586975097656,0.24357513579713302,11111,,5,
Parameterized,512,0,0.0,5,6,5,4,0.0032372474670410156,0.06565906405424278,11111,,5,
Parameterized,512,0,0.001,5,6,5,4,0.004121065139770508,0.05995113732518423,00001,,5,
Parameterized,512,0,0.01,5,6,5,4,0.0035669803619384766,0.06586056859441448,00001,,5,
Parameterized,512,0,0.05,5,6,5,4,0.005602121353149414,0.12777559462163096,11111,,5,
Parameterized,512,1,0.0,5,6,5,4,0.003934383392333984,0.04739035741694546,11111,,5,
Parameterized,512,1,0.001,5,6,5,4,0.0037496089935302734,0.05862617150060333,11111,,5,
Parameterized,512,1,0.01,5,6,5,4,0.005122661590576172,0.09042872397278352,00001,,5,
Parameterized,512,1,0.05,5,6,5,4,0.004260063171386719,0.14718902179785204,00001,,5,
Parameterized,512,2,0.0,5,6,5,4,0.002775907516479492,0.03936776220339609,00001,,5,
Parameterized,512,2,0.001,5,6,5,4,0.00400233268737793,0.04056795862091188,00001,,5,
Parameterized,512,2,0.01,5,6,5,4,0.004079103469848633,0.07438662909300926,00001,,5,
Parameterized,512,3,0.0,5,6,5,4,0.002527952194213867,0.059439273999619735,00001,,5,
Parameterized,512,2,0.05,5,6,5,4,0.004823923110961914,0.171067241593654,00001,,5,
Parameterized,512,3,0.001,5,6,5,4,0.004470109939575195,0.04993604902774536,00001,,5,
Parameterized,512,3,0.01,5,6,5,4,0.004313468933105469,0.10968713326999087,00001,,5,
Parameterized,512,3,0.05,5,6,5,4,0.003859281539916992,0.18657441876987504,11111,,5,
Parameterized,1024,0,0.0,5,6,5,4,0.003255605697631836,0.03597245052831585,00001,,5,
Parameterized,1024,0,0.001,5,6,5,4,0.005079507827758789,0.04008284967591513,00001,,5,
Parameterized,1024,0,0.01,5,6,5,4,0.0042307376861572266,0.04607796121423549,11111,,5,
Parameterized,1024,0,0.05,5,6,5,4,0.006639003753662109,0.18317910709479476,11111,,5,
Parameterized,1024,1,0.0,5,6,5,4,0.005003452301025391,0.047721449000264454,11111,,5,
Parameterized,1024,1,0.001,5,6,5,4,0.0057752132415771484,0.03831081944552571,11111,,5,
Parameterized,1024,1,0.01,5,6,5,4,0.00487828254699707,0.056517705594224366,11111,,5,
Parameterized,1024,2,0.0,5,6,5,4,0.0035674571990966797,0.031208062825374357,11111,,5,
Parameterized,1024,1,0.05,5,6,5,4,0.005198240280151367,0.16300555724212967,11111,,5,
Parameterized,1024,2,0.001,5,6,5,4,0.005697488784790039,0.038202512295769056,00001,,5,
Parameterized,1024,2,0.01,5,6,5,4,0.005106449127197266,0.0355849580657599,00001,,5,
Parameterized,1024,3,0.0,5,6,5,4,0.003484487533569336,0.03677981039060528,00001,,5,
Parameterized,1024,2,0.05,5,6,5,4,0.005861997604370117,0.14877988174193946,11111,,5,
Parameterized,1024,3,0.001,5,6,5,4,0.006362199783325195,0.04619828009403423,11111,,5,
Parameterized,1024,3,0.01,5,6,5,4,0.005837202072143555,0.046091220972287565,00001,,5,
Parameterized,1024,3,0.05,5,6,5,4,0.016374588012695312,0.17094941876987507,00001,,5,
Parameterized,4096,0,0.0,5,6,5,4,0.017188310623168945,0.012829523305383537,00001,,5,
Parameterized,4096,0,0.001,5,6,5,4,0.019458770751953125,0.01471080710640595,00001,,5,
Parameterized,4096,0,0.01,5,6,5,4,0.014742374420166016,0.043172501844530316,11111,,5,
Parameterized,4096,0,0.05,5,6,5,4,0.017165660858154297,0.1568119195947948,00001,,5,
Parameterized,4096,1,0.0,5,6,5,4,0.016236305236816406,0.021419178777175012,11111,,5,
Parameterized,4096,1,0.001,5,6,5,4,0.018709182739257812,0.01890473615565982,00001,,5,
Parameterized,4096,1,0.01,5,6,5,4,0.013829946517944336,0.04055534491759021,11111,,5,
Parameterized,4096,1,0.05,5,6,5,4,0.018048763275146484,0.1551029352197948,00001,,5,
Parameterized,4096,2,0.0,5,6,5,4,0.014178752899169922,0.016240524051865754,11111,,5,
Parameterized,4096,2,0.001,5,6,5,4,0.02022075653076172,0.014530937703586183,11111,,5,
Parameterized,4096,2,0.01,5,6,5,4,0.015265703201293945,0.03930851204652114,11111,,5,
Parameterized,4096,2,0.05,5,6,5,4,0.018291711807250977,0.1509525445947948,11111,,5,
Parameterized,4096,3,0.0,5,6,5,4,0.013044118881225586,0.0253357951761382,11111,,5,
Parameterized,4096,3,0.001,5,6,5,4,0.01683497428894043,0.01757780197263485,00001,,5,
Parameterized,4096,3,0.01,5,6,5,4,0.015281915664672852,0.03436610494204936,11111,,5,
Parameterized,4096,3,0.05,5,6,5,4,0.01641535758972168,0.15385957501987507,00001,,5,
Variable Depth,128,0,0.0,2,2,2,0,0.0015375614166259766,0.015625,00,,2,1.0
Variable Depth,128,0,0.001,2,2,2,0,0.002638101577758789,0.046875,10,,2,1.0
Variable Depth,128,0,0.01,2,2,2,0,0.0032994747161865234,0.078125,01,,2,1.0
Variable Depth,128,0,0.05,2,2,2,0,0.0035567283630371094,0.0390625,01,,2,1.0
Variable Depth,128,1,0.0,2,2,2,0,0.0014035701751708984,0.03125000000000011,01,,2,1.0
Variable Depth,128,1,0.001,2,2,2,0,0.0029671192169189453,0.03125,01,,2,1.0
Variable Depth,128,1,0.01,2,2,2,0,0.003079652786254883,0.09374999999999989,11,,2,1.0
Variable Depth,128,1,0.05,2,2,2,0,0.002595186233520508,0.0625,11,,2,1.0
Variable Depth,128,2,0.0,2,2,2,0,0.001729726791381836,0.11718749999999989,01,,2,1.0
Variable Depth,128,2,0.001,2,2,2,0,0.002637147903442383,0.046875,01,,2,1.0
Variable Depth,128,2,0.01,2,2,2,0,0.0028820037841796875,0.0234375,01,,2,1.0
Variable Depth,128,2,0.05,2,2,2,0,0.0025734901428222656,0.04687500000000011,01,,2,1.0
Variable Depth,128,3,0.0,2,2,2,0,0.001544952392578125,0.06249999999999989,01,,2,1.0
Variable Depth,128,3,0.001,2,2,2,0,0.002935647964477539,0.0234375,00,,2,1.0
Variable Depth,128,3,0.01,2,2,2,0,0.0029821395874023438,0.0703125,10,,2,1.0
Variable Depth,128,3,0.05,2,2,2,0,0.002908945083618164,0.0703125,01,,2,1.0
Variable Depth,512,0,0.0,2,2,2,0,0.002794504165649414,0.017578125,00,,2,1.0
Variable Depth,512,0,0.001,2,2,2,0,0.0039288997650146484,0.01757812500000011,01,,2,1.0
Variable Depth,512,0,0.01,2,2,2,0,0.0036215782165527344,0.03906250000000011,11,,2,1.0
Variable Depth,512,0,0.05,2,2,2,0,0.003481626510620117,0.03124999999999989,00,,2,1.0
Variable Depth,512,1,0.0,2,2,2,0,0.003625631332397461,0.033203125,10,,2,1.0
Variable Depth,512,1,0.001,2,2,2,0,0.003458261489868164,0.01171875,01,,2,1.0
Variable Depth,512,1,0.01,2,2,2,0,0.0035326480865478516,0.052734375,01,,2,1.0
Variable Depth,512,1,0.05,2,2,2,0,0.0040247440338134766,0.03125,00,,2,1.0
Variable Depth,512,2,0.0,2,2,2,0,0.003554821014404297,0.05078125,11,,2,1.0
Variable Depth,512,2,0.001,2,2,2,0,0.003929615020751953,0.0390625,11,,2,1.0
Variable Depth,512,2,0.05,2,2,2,0,0.0041844844818115234,0.017578125,01,,2,1.0
Variable Depth,512,2,0.01,2,2,2,0,0.004447221755981445,0.03125,11,,2,1.0
Variable Depth,512,3,0.0,2,2,2,0,0.0033211708068847656,0.03515625,10,,2,1.0
Variable Depth,512,3,0.001,2,2,2,0,0.00373077392578125,0.037109375,11,,2,1.0
Variable Depth,512,3,0.01,2,2,2,0,0.0034830570220947266,0.0234375,10,,2,1.0
Variable Depth,512,3,0.05,2,2,2,0,0.003980398178100586,0.011718749999999889,10,,2,1.0
Variable Depth,1024,0,0.0,2,2,2,0,0.006262063980102539,0.01855468750000011,00,,2,1.0
Variable Depth,1024,0,0.001,2,2,2,0,0.005708456039428711,0.0224609375,00,,2,1.0
Variable Depth,1024,0,0.01,2,2,2,0,0.005233287811279297,0.0361328125,10,,2,1.0
Variable Depth,1024,0,0.05,2,2,2,0,0.00496220588684082,0.01855468749999989,01,,2,1.0
Variable Depth,1024,1,0.0,2,2,2,0,0.006074666976928711,0.02929687500000011,10,,2,1.0
Variable Depth,1024,1,0.001,2,2,2,0,0.005608797073364258,0.013671875000000111,11,,2,1.0
Variable Depth,1024,1,0.05,2,2,2,0,0.004972934722900391,0.0341796875,01,,2,1.0
Variable Depth,1024,1,0.01,2,2,2,0,0.0048389434814453125,0.02343750000000011,00,,2,1.0
Variable Depth,1024,2,0.0,2,2,2,0,0.006417989730834961,0.013671875,01,,2,1.0
Variable Depth,1024,2,0.001,2,2,2,0,0.0039000511169433594,0.009765624999999889,11,,2,1.0
Variable Depth,1024,2,0.01,2,2,2,0,0.0069463253021240234,0.02441406250000011,00,,2,1.0
Variable Depth,1024,2,0.05,2,2,2,0,0.007210969924926758,0.0146484375,01,,2,1.0
Variable Depth,1024,3,0.0,2,2,2,0,0.005800485610961914,0.010742187500000111,00,,2,1.0
Variable Depth,1024,3,0.001,2,2,2,0,0.0051860809326171875,0.02734374999999989,00,,2,1.0
Variable Depth,1024,3,0.05,2,2,2,0,0.004834890365600586,0.02441406250000011,00,,2,1.0
Variable Depth,1024,3,0.01,2,2,2,0,0.006122589111328125,0.02050781249999989,10,,2,1.0
Variable Depth,4096,0,0.0,2,2,2,0,0.020617961883544922,0.01953125000000011,11,,2,1.0
Variable Depth,4096,0,0.001,2,2,2,0,0.007897377014160156,0.005615234375000111,00,,2,1.0
Variable Depth,4096,0,0.01,2,2,2,0,0.015080928802490234,0.008056640625,11,,2,1.0
Variable Depth,4096,0,0.05,2,2,2,0,0.019057512283325195,0.01513671875,00,,2,1.0
Variable Depth,4096,1,0.0,2,2,2,0,0.02161240577697754,0.013671875,11,,2,1.0
Variable Depth,4096,1,0.001,2,2,2,0,0.017788410186767578,0.012207031250000111,01,,2,1.0
Variable Depth,4096,1,0.01,2,2,2,0,0.01580643653869629,0.007812499999999889,10,,2,1.0
Variable Depth,4096,1,0.05,2,2,2,0,0.01897263526916504,0.011962890625,10,,2,1.0
Variable Depth,4096,2,0.0,2,2,2,0,0.02301478385925293,0.009765625000000111,00,,2,1.0
Variable Depth,4096,2,0.001,2,2,2,0,0.01985025405883789,0.005859375000000111,10,,2,1.0
Variable Depth,4096,2,0.01,2,2,2,0,0.012337446212768555,0.00634765625,01,,2,1.0
Variable Depth,4096,2,0.05,2,2,2,0,0.011190176010131836,0.01513671875,10,,2,1.0
Variable Depth,4096,3,0.0,2,2,2,0,0.021450042724609375,0.01953125000000011,00,,2,1.0
Variable Depth,4096,3,0.001,2,2,2,0,0.019710302352905273,0.01806640625000011,01,,2,1.0
Variable Depth,4096,3,0.01,2,2,2,0,0.011768102645874023,0.005126953125,10,,2,1.0
Variable Depth,4096,3,0.05,2,2,2,0,0.014320611953735352,0.011718749999999889,00,,2,1.0
Variable Depth,128,0,0.0,2,4,6,0,0.0017275810241699219,3.3306690738754696e-16,00,,2,3.0
Variable Depth,128,0,0.001,2,4,6,0,0.0026428699493408203,3.3306690738754696e-16,00,,2,3.0
Variable Depth,128,0,0.01,2,4,6,0,0.002919912338256836,0.03906249999999967,00,,2,3.0
Variable Depth,128,0,0.05,2,4,6,0,0.002972841262817383,0.14843749999999967,00,,2,3.0
Variable Depth,128,1,0.0,2,2,2,0,0.0014553070068359375,3.3306690738754696e-16,00,,2,3.0
Variable Depth,128,1,0.001,2,2,2,0,0.002618551254272461,3.3306690738754696e-16,00,,2,3.0
Variable Depth,128,1,0.01,2,2,2,0,0.002655506134033203,3.3306690738754696e-16,00,,2,3.0
Variable Depth,128,1,0.05,2,2,2,0,0.0030977725982666016,3.3306690738754696e-16,00,,2,3.0
Variable Depth,128,2,0.0,2,2,2,0,0.0013420581817626953,3.3306690738754696e-16,00,,2,3.0
Variable Depth,128,2,0.001,2,2,2,0,0.002750396728515625,3.3306690738754696e-16,00,,2,3.0
Variable Depth,128,2,0.01,2,2,2,0,0.0027747154235839844,3.3306690738754696e-16,00,,2,3.0
Variable Depth,128,2,0.05,2,2,2,0,0.002961874008178711,3.3306690738754696e-16,00,,2,3.0
Variable Depth,128,3,0.0,2,2,2,0,0.0013866424560546875,3.3306690738754696e-16,00,,2,3.0
Variable Depth,128,3,0.001,2,2,2,0,0.0030634403228759766,3.3306690738754696e-16,00,,2,3.0
Variable Depth,128,3,0.01,2,2,2,0,0.0028007030487060547,3.3306690738754696e-16,00,,2,3.0
Variable Depth,128,3,0.05,2,2,2,0,0.003555774688720703,3.3306690738754696e-16,00,,2,3.0
Variable Depth,512,0,0.0,2,4,6,0,0.003570079803466797,3.3306690738754696e-16,00,,2,3.0
Variable Depth,512,0,0.001,2,4,6,0,0.0040323734283447266,0.003906249999999667,00,,2,3.0
Variable Depth,512,0,0.01,2,4,6,0,0.004200458526611328,0.023437499999999667,00,,2,3.0
Variable Depth,512,0,0.05,2,4,6,0,0.003931760787963867,0.14453124999999967,00,,2,3.0
Variable Depth,512,1,0.0,2,2,2,0,0.002759695053100586,3.3306690738754696e-16,00,,2,3.0
Variable Depth,512,1,0.001,2,2,2,0,0.0038671493530273438,3.3306690738754696e-16,00,,2,3.0
Variable Depth,512,1,0.01,2,2,2,0,0.0032262802124023438,3.3306690738754696e-16,00,,2,3.0
Variable Depth,512,1,0.05,2,2,2,0,0.004064321517944336,3.3306690738754696e-16,00,,2,3.0
Variable Depth,512,2,0.0,2,2,2,0,0.0027866363525390625,3.3306690738754696e-16,00,,2,3.0
Variable Depth,512,2,0.001,2,2,2,0,0.0043735504150390625,3.3306690738754696e-16,00,,2,3.0
Variable Depth,512,2,0.01,2,2,2,0,0.003973722457885742,3.3306690738754696e-16,00,,2,3.0
Variable Depth,512,2,0.05,2,2,2,0,0.004575967788696289,3.3306690738754696e-16,00,,2,3.0
Variable Depth,512,3,0.0,2,2,2,0,0.002862691879272461,3.3306690738754696e-16,00,,2,3.0
Variable Depth,512,3,0.001,2,2,2,0,0.0036613941192626953,3.3306690738754696e-16,00,,2,3.0
Variable Depth,512,3,0.01,2,2,2,0,0.003398418426513672,3.3306690738754696e-16,00,,2,3.0
Variable Depth,512,3,0.05,2,2,2,0,0.0037794113159179688,3.3306690738754696e-16,00,,2,3.0
Variable Depth,1024,0,0.0,2,4,6,0,0.0056476593017578125,3.3306690738754696e-16,00,,2,3.0
Variable Depth,1024,0,0.001,2,4,6,0,0.0047228336334228516,0.001953124999999667,00,,2,3.0
Variable Depth,1024,0,0.01,2,4,6,0,0.003545522689819336,0.031249999999999667,00,,2,3.0
Variable Depth,1024,0,0.05,2,4,6,0,0.0052645206451416016,0.12988281249999967,00,,2,3.0
Variable Depth,1024,1,0.0,2,2,2,0,0.0032148361206054688,3.3306690738754696e-16,00,,2,3.0
Variable Depth,1024,1,0.001,2,2,2,0,0.0058820247650146484,3.3306690738754696e-16,00,,2,3.0
Variable Depth,1024,1,0.01,2,2,2,0,0.0049517154693603516,3.3306690738754696e-16,00,,2,3.0
Variable Depth,1024,1,0.05,2,2,2,0,0.0048787593841552734,3.3306690738754696e-16,00,,2,3.0
Variable Depth,1024,2,0.0,2,2,2,0,0.004281520843505859,3.3306690738754696e-16,00,,2,3.0
Variable Depth,1024,2,0.001,2,2,2,0,0.004736423492431641,3.3306690738754696e-16,00,,2,3.0
Variable Depth,1024,2,0.01,2,2,2,0,0.005710124969482422,3.3306690738754696e-16,00,,2,3.0
Variable Depth,1024,2,0.05,2,2,2,0,0.006042957305908203,3.3306690738754696e-16,00,,2,3.0
Variable Depth,1024,3,0.0,2,2,2,0,0.0036268234252929688,3.3306690738754696e-16,00,,2,3.0
Variable Depth,1024,3,0.001,2,2,2,0,0.005125999450683594,3.3306690738754696e-16,00,,2,3.0
Variable Depth,1024,3,0.01,2,2,2,0,0.0055010318756103516,3.3306690738754696e-16,00,,2,3.0
Variable Depth,4096,0,0.0,2,4,6,0,0.02158379554748535,3.3306690738754696e-16,00,,2,3.0
Variable Depth,1024,3,0.05,2,2,2,0,0.01992034912109375,3.3306690738754696e-16,00,,2,3.0
Variable Depth,4096,0,0.001,2,4,6,0,0.020381689071655273,0.003417968749999667,00,,2,3.0
Variable Depth,4096,0,0.01,2,4,6,0,0.01564955711364746,0.03295898437499967,00,,2,3.0
Variable Depth,4096,0,0.05,2,4,6,0,0.021027803421020508,0.13989257812499967,00,,2,3.0
Variable Depth,4096,1,0.0,2,2,2,0,0.021976470947265625,3.3306690738754696e-16,00,,2,3.0
Variable Depth,4096,1,0.001,2,2,2,0,0.019057273864746094,3.3306690738754696e-16,00,,2,3.0
Variable Depth,4096,1,0.01,2,2,2,0,0.0153045654296875,3.3306690738754696e-16,00,,2,3.0
Variable Depth,4096,1,0.05,2,2,2,0,0.020219087600708008,3.3306690738754696e-16,00,,2,3.0
Variable Depth,4096,2,0.0,2,2,2,0,0.008724689483642578,3.3306690738754696e-16,00,,2,3.0
Variable Depth,4096,2,0.001,2,2,2,0,0.01660442352294922,3.3306690738754696e-16,00,,2,3.0
Variable Depth,4096,2,0.01,2,2,2,0,0.015159368515014648,3.3306690738754696e-16,00,,2,3.0
Variable Depth,4096,3,0.0,2,2,2,0,0.004235029220581055,3.3306690738754696e-16,00,,2,3.0
Variable Depth,4096,2,0.05,2,2,2,0,0.013260364532470703,3.3306690738754696e-16,00,,2,3.0
Variable Depth,4096,3,0.001,2,2,2,0,0.017425060272216797,3.3306690738754696e-16,00,,2,3.0
Variable Depth,4096,3,0.01,2,2,2,0,0.017787456512451172,3.3306690738754696e-16,00,,2,3.0
Variable Depth,128,0,0.0,2,6,10,0,0.0018296241760253906,0.04687500000000003,00,,2,5.0
Variable Depth,4096,3,0.05,2,2,2,0,0.01781439781188965,3.3306690738754696e-16,00,,2,3.0
Variable Depth,128,0,0.001,2,6,10,0,0.00264739990234375,0.04687499999999975,10,,2,5.0
Variable Depth,128,0,0.01,2,6,10,0,0.0028464794158935547,0.07031250000000003,10,,2,5.0
Variable Depth,128,0,0.05,2,6,10,0,0.002732992172241211,0.07031249999999997,01,,2,5.0
Variable Depth,128,1,0.0,2,2,2,0,0.0014700889587402344,0.05468749999999992,01,,2,5.0
Variable Depth,128,1,0.001,2,2,2,0,0.002691984176635742,0.07812500000000003,11,,2,5.0
Variable Depth,128,1,0.01,2,2,2,0,0.002547740936279297,0.07031250000000025,01,,2,5.0
Variable Depth,128,1,0.05,2,2,2,0,0.0030634403228759766,0.03906249999999997,01,,2,5.0
Variable Depth,128,2,0.0,2,2,2,0,0.0013666152954101562,0.07812500000000008,10,,2,5.0
Variable Depth,128,2,0.001,2,2,2,0,0.0024797916412353516,0.03906249999999992,11,,2,5.0
Variable Depth,128,2,0.01,2,2,2,0,0.0028696060180664062,0.09374999999999997,01,,2,5.0
Variable Depth,128,2,0.05,2,2,2,0,0.0030956268310546875,0.0625000000000003,10,,2,5.0
Variable Depth,128,3,0.0,2,2,2,0,0.0015075206756591797,0.06250000000000008,10,,2,5.0
Variable Depth,128,3,0.001,2,2,2,0,0.0025870800018310547,0.05468749999999997,00,,2,5.0
Variable Depth,128,3,0.01,2,2,2,0,0.002872467041015625,0.04687499999999992,01,,2,5.0
Variable Depth,512,0,0.0,2,6,10,0,0.003023386001586914,0.03710937499999997,10,,2,5.0
Variable Depth,128,3,0.05,2,2,2,0,0.004033088684082031,0.06249999999999975,00,,2,5.0
Variable Depth,512,0,0.001,2,6,10,0,0.003899097442626953,0.01953125000000025,00,,2,5.0
Variable Depth,512,0,0.01,2,6,10,0,0.003919124603271484,0.03125000000000008,00,,2,5.0
Variable Depth,512,0,0.05,2,6,10,0,0.0034666061401367188,0.04492187499999992,11,,2,5.0
Variable Depth,512,1,0.0,2,2,2,0,0.0024979114532470703,0.04101562500000003,10,,2,5.0
Variable Depth,512,1,0.001,2,2,2,0,0.004059553146362305,0.015625000000000028,00,,2,5.0
Variable Depth,512,1,0.01,2,2,2,0,0.0037581920623779297,0.02343749999999975,00,,2,5.0
Variable Depth,512,1,0.05,2,2,2,0,0.003340482711791992,0.02148437500000025,10,,2,5.0
Variable Depth,512,2,0.0,2,2,2,0,0.0026235580444335938,0.023437499999999695,11,,2,5.0
Variable Depth,512,2,0.001,2,2,2,0,0.002984285354614258,0.03320312500000003,11,,2,5.0
Variable Depth,512,2,0.01,2,2,2,0,0.0037958621978759766,0.03515624999999997,01,,2,5.0
Variable Depth,512,2,0.05,2,2,2,0,0.003986835479736328,0.027343750000000305,10,,2,5.0
Variable Depth,512,3,0.0,2,2,2,0,0.0026438236236572266,0.04492187499999992,01,,2,5.0
Variable Depth,512,3,0.001,2,2,2,0,0.00386810302734375,0.03515624999999997,00,,2,5.0
Variable Depth,512,3,0.01,2,2,2,0,0.003739595413208008,0.023437500000000028,11,,2,5.0
Variable Depth,512,3,0.05,2,2,2,0,0.003736734390258789,0.029296875000000028,11,,2,5.0
Variable Depth,1024,0,0.0,2,6,10,0,0.005839347839355469,0.030273437499999972,00,,2,5.0
Variable Depth,1024,0,0.001,2,6,10,0,0.006482839584350586,0.01757812499999964,01,,2,5.0
Variable Depth,1024,0,0.01,2,6,10,0,0.0043523311614990234,0.018554687499999917,11,,2,5.0
Variable Depth,1024,1,0.0,2,2,2,0,0.006039857864379883,0.00781250000000025,11,,2,5.0
Variable Depth,1024,0,0.05,2,6,10,0,0.007870197296142578,0.03515625000000036,10,,2,5.0
Variable Depth,1024,1,0.001,2,2,2,0,0.005616903305053711,0.046874999999999695,11,,2,5.0
Variable Depth,1024,1,0.01,2,2,2,0,0.005497455596923828,0.01269531249999975,00,,2,5.0
Variable Depth,1024,1,0.05,2,2,2,0,0.004371166229248047,0.020507812500000083,10,,2,5.0
Variable Depth,1024,2,0.0,2,2,2,0,0.0040264129638671875,0.05468749999999992,11,,2,5.0
Variable Depth,1024,2,0.001,2,2,2,0,0.005608081817626953,0.014648437499999917,11,,2,5.0
Variable Depth,1024,2,0.01,2,2,2,0,0.0035419464111328125,0.014648437499999972,00,,2,5.0
Variable Depth,1024,3,0.0,2,2,2,0,0.005324363708496094,0.019531249999999917,11,,2,5.0
Variable Depth,1024,2,0.05,2,2,2,0,0.005223989486694336,0.04296874999999997,01,,2,5.0
Variable Depth,1024,3,0.001,2,2,2,0,0.004959583282470703,0.00976562500000036,11,,2,5.0
Variable Depth,1024,3,0.01,2,2,2,0,0.005517244338989258,0.00488281250000025,01,,2,5.0
Variable Depth,1024,3,0.05,2,2,2,0,0.0047969818115234375,0.01171875000000025,11,,2,5.0
Variable Depth,4096,0,0.0,2,6,10,0,0.021229028701782227,0.006591796875000361,00,,2,5.0
Variable Depth,4096,0,0.001,2,6,10,0,0.01708197593688965,0.008056640625000305,10,,2,5.0
Variable Depth,4096,0,0.01,2,6,10,0,0.013289690017700195,0.006103515624999917,01,,2,5.0
Variable Depth,4096,0,0.05,2,6,10,0,0.012672901153564453,0.009521484374999695,11,,2,5.0
Variable Depth,4096,1,0.0,2,2,2,0,0.017469167709350586,0.014648437499999917,01,,2,5.0
Variable Depth,4096,1,0.001,2,2,2,0,0.01591968536376953,0.010498046875000028,11,,2,5.0
Variable Depth,4096,1,0.01,2,2,2,0,0.01962876319885254,0.017578125000000083,00,,2,5.0
Variable Depth,4096,1,0.05,2,2,2,0,0.006195783615112305,0.01000976562500025,00,,2,5.0
Variable Depth,4096,2,0.0,2,2,2,0,0.01798725128173828,0.005371093750000083,10,,2,5.0
Variable Depth,4096,2,0.01,2,2,2,0,0.015438079833984375,0.006591796875000028,11,,2,5.0
Variable Depth,4096,2,0.001,2,2,2,0,0.01582932472229004,0.01000976562500036,10,,2,5.0
Variable Depth,4096,2,0.05,2,2,2,0,0.01768660545349121,0.012451171874999972,00,,2,5.0
Variable Depth,4096,3,0.0,2,2,2,0,0.013438224792480469,0.02490234375000025,01,,2,5.0
Variable Depth,4096,3,0.01,2,2,2,0,0.023190736770629883,0.009765624999999972,01,,2,5.0
Variable Depth,4096,3,0.001,2,2,2,0,0.02737283706665039,0.016357421875000028,11,,2,5.0
Variable Depth,4096,3,0.05,2,2,2,0,0.013214588165283203,0.015380859374999695,11,,2,5.0
Variable Depth,128,0,0.0,2,11,20,0,0.0017020702362060547,0.0390625,10,,2,10.0
Variable Depth,128,0,0.001,2,11,20,0,0.002724885940551758,0.08593749999999944,01,,2,10.0
Variable Depth,128,0,0.01,2,11,20,0,0.003150463104248047,0.07031250000000056,11,,2,10.0
Variable Depth,128,0,0.05,2,11,20,0,0.0026764869689941406,0.007812500000000555,01,,2,10.0
Variable Depth,128,1,0.0,2,2,2,0,0.0015349388122558594,0.0546875,10,,2,10.0
Variable Depth,128,1,0.001,2,2,2,0,0.00263214111328125,0.03906250000000039,00,,2,10.0
Variable Depth,128,1,0.01,2,2,2,0,0.003511190414428711,0.109375,10,,2,10.0
Variable Depth,128,1,0.05,2,2,2,0,0.003046751022338867,0.03906250000000017,00,,2,10.0
Variable Depth,128,2,0.0,2,2,2,0,0.001497030258178711,0.0546875,00,,2,10.0
Variable Depth,128,2,0.001,2,2,2,0,0.002619504928588867,0.023437500000000555,11,,2,10.0
Variable Depth,128,2,0.01,2,2,2,0,0.0028018951416015625,0.08593749999999983,01,,2,10.0
Variable Depth,128,2,0.05,2,2,2,0,0.0027031898498535156,0.09375,11,,2,10.0
Variable Depth,128,3,0.0,2,2,2,0,0.0015223026275634766,0.046875,01,,2,10.0
Variable Depth,128,3,0.001,2,2,2,0,0.0028870105743408203,0.0390625,11,,2,10.0
Variable Depth,128,3,0.01,2,2,2,0,0.0031769275665283203,0.05468749999999961,00,,2,10.0
Variable Depth,128,3,0.05,2,2,2,0,0.002958059310913086,0.0546875,01,,2,10.0
Variable Depth,512,0,0.0,2,11,20,0,0.0038416385650634766,0.03125,00,,2,10.0
Variable Depth,512,0,0.001,2,11,20,0,0.004139900207519531,0.011718749999999611,00,,2,10.0
Variable Depth,512,0,0.01,2,11,20,0,0.0040400028228759766,0.03515624999999961,00,,2,10.0
Variable Depth,512,0,0.05,2,11,20,0,0.0039501190185546875,0.044921875000000555,10,,2,10.0
Variable Depth,512,1,0.0,2,2,2,0,0.0024280548095703125,0.03906249999999983,11,,2,10.0
Variable Depth,512,1,0.001,2,2,2,0,0.0033621788024902344,0.037109375,11,,2,10.0
Variable Depth,512,1,0.01,2,2,2,0,0.0038361549377441406,0.02734375,00,,2,10.0
Variable Depth,512,1,0.05,2,2,2,0,0.003930807113647461,0.02539062500000039,01,,2,10.0
Variable Depth,512,2,0.0,2,2,2,0,0.001882314682006836,0.03320312500000039,01,,2,10.0
Variable Depth,512,2,0.001,2,2,2,0,0.0039000511169433594,0.04492187499999961,10,,2,10.0
Variable Depth,512,2,0.01,2,2,2,0,0.0041196346282958984,0.03515625000000039,10,,2,10.0
Variable Depth,512,2,0.05,2,2,2,0,0.0037653446197509766,0.07617187499999983,01,,2,10.0
Variable Depth,512,3,0.0,2,2,2,0,0.0027933120727539062,0.048828125000000555,00,,2,10.0
Variable Depth,512,3,0.001,2,2,2,0,0.003920555114746094,0.009765625000000389,11,,2,10.0
Variable Depth,512,3,0.01,2,2,2,0,0.0037932395935058594,0.013671875000000555,00,,2,10.0
Variable Depth,512,3,0.05,2,2,2,0,0.006735086441040039,0.017578124999999833,01,,2,10.0
Variable Depth,1024,0,0.0,2,11,20,0,0.006052255630493164,0.0107421875,11,,2,10.0
Variable Depth,1024,0,0.001,2,11,20,0,0.0055828094482421875,0.006835937499999445,11,,2,10.0
Variable Depth,1024,0,0.01,2,11,20,0,0.0050334930419921875,0.046875000000000555,01,,2,10.0
Variable Depth,1024,1,0.0,2,2,2,0,0.004010677337646484,0.028320312499999445,11,,2,10.0
Variable Depth,1024,0,0.05,2,11,20,0,0.005760908126831055,0.01660156249999961,00,,2,10.0
Variable Depth,1024,1,0.001,2,2,2,0,0.005066394805908203,0.025390625,10,,2,10.0
Variable Depth,1024,1,0.01,2,2,2,0,0.004462718963623047,0.0283203125,00,,2,10.0
Variable Depth,1024,1,0.05,2,2,2,0,0.005122661590576172,0.007812500000000167,00,,2,10.0
Variable Depth,1024,2,0.0,2,2,2,0,0.0033712387084960938,0.005859375,11,,2,10.0
Variable Depth,1024,2,0.001,2,2,2,0,0.004857301712036133,0.026367187500000167,00,,2,10.0
Variable Depth,1024,2,0.01,2,2,2,0,0.005024909973144531,0.01953125,01,,2,10.0
Variable Depth,1024,2,0.05,2,2,2,0,0.0064487457275390625,0.0146484375,01,,2,10.0
Variable Depth,1024,3,0.0,2,2,2,0,0.002602100372314453,0.025390625,10,,2,10.0
Variable Depth,1024,3,0.001,2,2,2,0,0.005124568939208984,0.023437499999999833,11,,2,10.0
Variable Depth,1024,3,0.01,2,2,2,0,0.004025936126708984,0.018554687499999445,01,,2,10.0
Variable Depth,1024,3,0.05,2,2,2,0,0.00555729866027832,0.0263671875,11,,2,10.0
Variable Depth,4096,0,0.0,2,11,20,0,0.020122289657592773,0.006347656250000389,00,,2,10.0
Variable Depth,4096,0,0.001,2,11,20,0,0.020012855529785156,0.009033203124999833,01,,2,10.0
Variable Depth,4096,0,0.01,2,11,20,0,0.017807722091674805,0.0078125,11,,2,10.0
Variable Depth,4096,0,0.05,2,11,20,0,0.019279003143310547,0.008789062499999445,11,,2,10.0
Variable Depth,4096,1,0.0,2,2,2,0,0.011351585388183594,0.010742187500000167,10,,2,10.0
Variable Depth,4096,1,0.01,2,2,2,0,0.021563291549682617,0.014404296875000167,10,,2,10.0
Variable Depth,4096,1,0.001,2,2,2,0,0.02026963233947754,0.019287109375,00,,2,10.0
Variable Depth,4096,2,0.0,2,2,2,0,0.014179229736328125,0.0063476562500001665,10,,2,10.0
Variable Depth,4096,1,0.05,2,2,2,0,0.018947601318359375,0.00732421875,10,,2,10.0
Variable Depth,4096,2,0.001,2,2,2,0,0.017955780029296875,0.0058593750000001665,10,,2,10.0
Variable Depth,4096,2,0.01,2,2,2,0,0.01618361473083496,0.021728515625,11,,2,10.0
Variable Depth,4096,2,0.05,2,2,2,0,0.015732288360595703,0.009033203125000555,11,,2,10.0
Variable Depth,4096,3,0.0,2,2,2,0,0.013768196105957031,0.011230468750000555,11,,2,10.0
Variable Depth,4096,3,0.001,2,2,2,0,0.02086162567138672,0.006591796875,10,,2,10.0
Variable Depth,4096,3,0.01,2,2,2,0,0.021158933639526367,0.005859375,01,,2,10.0
Variable Depth,4096,3,0.05,2,2,2,0,0.02785634994506836,0.011962890625000555,00,,2,10.0
